Workbook

Sheet سجل المصروفات التفصيلي
A1: هوستل الأهرامات — سجل كشف مصاريف الأستاذ خالد (المعدل والمعتمد بالكامل)
A2: تم التحديث والاعتماد المحاسبي بتاريخ: ١٠‏/٨‏/٢٠٢٦ — متوافق 100% مع التعديلات اليدوية المسجلة بالدفتر الشامل
A4: إجمالي المصروفات المعتمدة الكلية (بعد التعديلات اليدوية) | D4: إجمالي عدد البنود | F4: حالة اعتماد السجل
A5: =SUM(D8:D152) | D5: =COUNTA(C8:C152) | F5: معتمد 100%
A7: م | B7: مصدر المستند | C7: البيان وتفاصيل المصروف | D7: المبلغ (جنيه) | E7: حالة البند | F7: التصنيف الرئيسي | G7: ملاحظات وتوجيه محاسبي
A8: 1 | B8: صفحة 1 | C8: دفعة للعامل محمد زكي | D8: 10000 | E8: معتمد | F8: أجور وعمالة | G8: دفعة عامل
A9: 2 | B9: صفحة 1 | C9: دفعة من حساب إصلاح الكراسي | D9: 10000 | E9: معتمد | F9: أثاث ومفروشات | G9: إصلاح كراسي
A10: 3 | B10: صفحة 1 | C10: دفعة من حساب الأسانسير | D10: 10000 | E10: معتمد | F10: صيانة ومصاعد | G10: دفعة أسانسير
A11: 4 | B11: صفحة 1 | C11: دفعة عربون لمحمد السال المفروشات | D11: 10000 | E11: معتمد | F11: أثاث ومفروشات | G11: عربون مفروشات
A12: 5 | B12: صفحة 1 | C12: أكياس رايتس ثقيلة | D12: 300 | E12: معتمد | F12: نثريات وتجهيزات
A13: 6 | B13: صفحة 1 | C13: هناء (أجور وعمالة) | D13: 300 | E13: معتمد | F13: أجور وعمالة
A14: 7 | B14: صفحة 1 | C14: كرتونة مياه | D14: 250 | E14: معتمد | F14: نثريات وتجهيزات | G14: ضيافة وفندق
A15: 8 | B15: صفحة 1 | C15: نثريات ومصروفات عامة | D15: 350 | E15: معتمد | F15: نثريات وتجهيزات
A16: 9 | B16: صفحة 1 | C16: دفعة للولد البراويز | D16: 10000 | E16: معتمد | F16: أعمال تشطيب وديكور | G16: دفعة براويز
A17: 10 | B17: صفحة 1 | C17: سيارة نقل البراويز من الجيزة للفندق | D17: 500 | E17: معتمد | F17: نقل وشحن | G17: نقل ديكورات
A18: 11 | B18: صفحة 1 | C18: تكسير بار بالروف والمطبخ والحوائط | D18: 6000 | E18: معتمد | F18: أعمال مدنية ومباني | G18: تكسير وإزالة
A19: 12 | B19: صفحة 1 | C19: 10 أسمنت و 250 بلوك + 3 متر رملة وسن | D19: 4500 | E19: معتمد | F19: مواد بناء ومحارة | G19: أسمنت وبلوك ورمل وسن
A20: 13 | B20: صفحة 1 | C20: أجولة فارغة لتنزيل مخلفات الروف | D20: 300 | E20: معتمد | F20: نقل وشحن | G20: رفع مخلفات
A21: 14 | B21: صفحة 1 | C21: مقابض التواليت والكبائن والشبابيك | D21: 2150 | E21: معتمد | F21: إكسسوارات وتشطيبات | G21: مقابض وإكسسوار
A22: 15 | B22: صفحة 1 | C22: هناء | D22: 5000 | E22: معتمد | F22: أجور وعمالة | G22: أجور وإعاشة
A23: 16 | B23: صفحة 1 | C23: دفعة لعمرو المنجد من حساب ظهور السراير | D23: 2000 | E23: معتمد | F23: أثاث ومفروشات | G23: تنجيد ظهور سراير
A24: 17 | B24: صفحة 1 | C24: خالد المغربي (أجور ومصنوعيات) | D24: 2000 | E24: معتمد | F24: أجور وعمالة
A25: 18 | B25: صفحة 1 | C25: عربية نقل مخلفات من الريسبشن | D25: 500 | E25: معتمد | F25: نقل وشحن | G25: رفع مخلفات
A26: 19 | B26: صفحة 1 | C26: حساب الجبسين بورد روف + ريسبشن | D26: 23000 | E26: معتمد | F26: أعمال تشطيب وديكور | G26: جبس بورد للروف والريسبشن
A27: 20 | B27: صفحة 1 | C27: تكسير جدار الريسبشن (قطع حوائط) 250x28 | D27: 7000 | E27: معتمد | F27: أعمال مدنية ومباني | G27: تكسير حوائط
A28: 21 | B28: صفحة 1 | C28: 4 عمال لتطليع 450 متر سيراميك أرضيات وحوائط + أسمنت ورملة | D28: 1500 | E28: معتمد | F28: مواد بناء ومحارة | G28: تشوين وتطليع مواد وسيراميك
A29: 22 | B29: صفحة 1 | C29: أعمال تأسيس السباكة في الروف الحمامات الجديدة + الأبواب والمطبخ | D29: 3000 | E29: معتمد | F29: سباكة وصرف | G29: مصنعيات سباكة
A30: 23 | B30: صفحة 1 | C30: مشتروات السباكة للتأسيس | D30: 4500 | E30: معتمد | F30: سباكة وصرف | G30: خامات سباكة تأسيس
A31: 24 | B31: صفحة 1 | C31: استكمال مشتروات السباكة | D31: 460 | E31: معتمد | F31: سباكة وصرف | G31: خامات سباكة
A32: 25 | B32: صفحة 1 | C32: فاتورة غسيل الفرش القديم | D32: 2240 | E32: معتمد | F32: مرافق وفواتير | G32: غسيل مفارش وفرش
A33: 26 | B33: صفحة 1 | C33: عدد 4 عمال لتنظيف الروف والأدوار والسلم والريسبشن | D33: 1600 | E33: معتمد | F33: أجور وعمالة | G33: عمال نظافة
A34: 27 | B34: صفحة 1 | C34: جالون لاكية أسود للمحلات | D34: 380 | E34: معتمد | F34: دهانات وتكسية | G34: دهانات لاكيه
A35: 28 | B35: صفحة 1 | C35: فاتورة كهرباء شهر (5) | D35: 6050 | E35: معتمد | F35: كهرباء وإنارة | G35: كهرباء شهر مايو
A36: 29 | B36: صفحة 1 | C36: مناولة لمحمد زكي لتفضيل أعماله بحضور أحمد العليان | D36: 5000 | E36: معتمد | F36: أجور وعمالة | G36: مناولة أعمال
... A41: 34 | B41: صفحة 2 | C41: نقل أدوات السباكة | D41: 300 | E41: معتمد | F41: سباكة وصرف | G41: نقل خامات
A42: 35 | B42: صفحة 2 | C42: الرشاطة + كيس فلق الأسانسير | D42: 300 | E42: معتمد | F42: صيانة ومصاعد
A43: 36 | B43: صفحة 2 | C43: جركن أدي بوند + شكارة مادة | D43: 500 | E43: معتمد | F43: مواد بناء ومحارة
A44: 37 | B44: صفحة 2 | C44: أجولة فارغة | D44: 100 | E44: معتمد | F44: نثريات وتجهيزات
A45: 38 | B45: صفحة 2 | C45: أحمد العليان أختام | D45: 1600 | E45: معتمد | F45: أجور وعمالة | G45: أختام وأعمال
A46: 39 | B46: صفحة 2 | C46: شركة الرضا صيانات + حامل تكييف + حامل فوط | D46: 9300 | E46: معتمد | F46: صيانة ومصاعد | G46: صيانات وإكسسوار تكييفات
A47: 40 | B47: صفحة 2 | C47: كرتونة سيراميك أبيض 25x40 | D47: 350 | E47: معتمد | F47: مواد بناء ومحارة
A48: 41 | B48: صفحة 2 | C48: نقل مراويات من عند ملاك | D48: 500 | E48: معتمد | F48: نقل وشحن
A49: 42 | B49: صفحة 2 | C49: 6 شكارة أسمنت + مادة سقية + 1/2 شكارة أسمنت أبيض | D49: 1580 | E49: معتمد | F49: مواد بناء ومحارة
A50: 43 | B50: صفحة 2 | C50: نجارة كاملة للروف 2 يومية | D50: 3000 | E50: معتمد | F50: أجور وعمالة | G50: يوميات نجارة
A51: 44 | B51: صفحة 2 | C51: تركيب سيراميك حوائط المطبخ + أرضيات الحمامات والغرفة | D51: 5000 | E51: معتمد | F51: مواد بناء ومحارة | G51: مصنعية تركيب سيراميك
A52: 45 | B52: صفحة 2 | C52: يومية تكسير الجدار في الريسبشن العامود وخلع الميزانين | D52: 1500 | E52: معتمد | F52: أعمال مدنية ومباني | G52: تكسير وإزالة
A53: 46 | B53: صفحة 2 | C53: 100 طوب أحمر + شكارة أسمنت + 3 شكارة رملة للجدار بجوار الريسبشن | D53: 500 | E53: معتمد | F53: مواد بناء ومحارة
A54: 47 | B54: صفحة 2 | C54: بناء جدار الفاصل في الريسبشن مع الجار الخلفي | D54: 500 | E54: معتمد | F54: أعمال مدنية ومباني | G54: بناء حوائط
A55: 48 | B55: صفحة 2 | C55: حجر قطعية وسلك لحام | D55: 300 | E55: معتمد | F55: كهرباء وإنارة | G55: مستلزمات ورشة
A56: 49 | B56: صفحة 2 | C56: أحمد الفنان رسومات (أولى) | D56: 120 | E56: معتمد | F56: أعمال تشطيب وديكور | G56: رسومات فنية
A57: 50 | B57: صفحة 2 | C57: 4 نقلات كارو لرفع المخلفات من الريسبشن | D57: 1600 | E57: معتمد | F57: نقل وشحن | G57: رفع مخلفات
A58: 51 | B58: صفحة 2 | C58: غسيل المراتب 50*300 جنيه | D58: 15000 | E58: معتمد | F58: أثاث ومفروشات | G58: حساب جرانيت
A59: 52 | B59: صفحة 2 | C59: منظفات (فلاش + جلاكسي + صابون) | D59: 300 | E59: معتمد | F59: نظافة وغسيل
A60: 53 | B60: صفحة 2 | C60: نجارة عامود الريسبشن وجانب الأسانسير | D60: 1700 | E60: معتمد | F60: أعمال مدنية ومباني | G60: نجارة مسلح / تجليد
A61: 54 | B61: صفحة 2 | C61: 200 بلوك + 70 طوبة أحمر + 2 شكارة أسمنت لجدار الروف | D61: 1400 | E61: معتمد | F61: مواد بناء ومحارة
A62: 55 | B62: صفحة 2 | C62: أجرة بناء بار الروف | D62: 1300 | E62: معتمد | F62: أعمال مدنية ومباني | G62: مصنعية بناء
A63: 56 | B63: صفحة 2 | C63: تنزيل مخلفات المبنى والنجارة من الروف + أكياس | D63: 600 | E63: معتمد | F63: نقل وشحن
A64: 57 | B64: صفحة 2 | C64: عربية دافيو + تركيب عدد 14 عتبة لحمامات الغرف | D64: 1300 | E64: معتمد | F64: أعمال مدنية ومباني | G64: تركيب عتب
A65: 58 | B65: صفحة 2 | C65: دفعة للستائر يوم التركيب | D65: 5000 | E65: معتمد | F65: أثاث ومفروشات | G65: ستائر الفندق
A66: 59 | B66: صفحة 2 | C66: حديد للروف | D66: 35000 | E66: معتمد | F66: مواد بناء ومحارة | G66: حديد تسليح / هيكل
A67: 60 | B67: صفحة 2 | C67: طارق الحداد | D67: 1000 | E67: معتمد | F67: أجور وعمالة | G67: مصنعية نجارة
A68: 61 | B68: صفحة 3 | C68: نقل ألواح بديل الرخام من أكتوبر للفندق (يوسف) | D68: 1000 | E68: معتمد | F68: أعمال تشطيب وديكور
A69: 62 | B69: صفحة 3 | C69: سيليكون + مادة لصق وهميت | D69: 3300 | E69: معتمد | F69: أعمال تشطيب وديكور | G69: مواد لصق بديل رخام
A70: 63 | B70: صفحة 3 | C70: مرتبات هاني + علاء + هناء | D70: 15000 | E70: معتمد | F70: أجور وعمالة | G70: مرتبات وإعاشات
A71: 64 | B71: صفحة 3 | C71: المتبقي من حساب اليافطة يوم التركيب | D71: 5000 | E71: معتمد | F71: ديكور ومكملات | G71: يافطة الفندق
A72: 65 | B72: صفحة 3 | C72: تقطيع ألواح بديل الرخام للروف | D72: 1000 | E72: معتمد | F72: أعمال تشطيب وديكور | G72: مصنعية تقطيع
A73: 66 | B73: صفحة 3 | C73: نقل الكراسي من المصنع للروف يوم تصوير ريل | D73: 600 | E73: معتمد | F73: أثاث ومفروشات | G73: تصوير وإعلام
A74: 67 | B74: صفحة 3 | C74: كرتونة مياه | D74: 120 | E74: معتمد | F74: نثريات وتجهيزات
A75: 68 | B75: صفحة 3 | C75: رمل + سن + أسمنت لصب قواعد كمرات الميزانين بالروف | D75: 1300 | E75: معتمد | F75: مواد بناء ومحارة
A76: 69 | B76: صفحة 3 | C76: فرق الدولار من حساب 1000 للحاج | D76: 1400 | E76: معتمد | F76: نثريات وتجهيزات | G76: تسويات حسابية
A77: 70 | B77: صفحة 3 | C77: 4 عمال لتنظيف السطح | D77: 400 | E77: معتمد | F77: أجور وعمالة | G77: عمال نظافة
A78: 71 | B78: صفحة 3 | C78: سيليكون ومادة لصق وهميت | D78: 1800 | E78: معتمد | F78: أعمال تشطيب وديكور
A79: 72 | B79: صفحة 3 | C79: غداء يوم التصوير | D79: 1200 | E79: معتمد | F79: نثريات وتجهيزات | G79: إعاشة ضيافة
A80: 73 | B80: صفحة 3 | C80: سكينة معجون + فلاش + كيماويات تنظيف أرضيات | D80: 200 | E80: معتمد | F80: دهانات وتكسية | G80: تنظيف ومعجون
A81: 74 | B81: صفحة 3 | C81: سيليكون عضم + مادة أحمر | D81: 1600 | E81: معتمد | F81: أعمال تشطيب وديكور
A82: 75 | B82: صفحة 3 | C82: حساب تركيب النيل للديكور | D82: 17400 | E82: معتمد | F82: أعمال تشطيب وديكور | G82: تركيبات ديكور
A83: 76 | B83: صفحة 3 | C83: بكرة كابلات سلك 2x2.5 + بكرة سلك تليفون 200 متر | D83: 5000 | E83: معتمد | F83: كهرباء وإنارة | G83: كابلات وأسلاك
A84: 77 | B84: صفحة 3 | C84: يوسف أبو ذكري سلفة | D84: 200 | E84: معتمد | F84: أجور وعمالة | G84: سلفة عامل
A85: 78 | B85: صفحة 3 | C85: أسمنت أبيض وشكارة باردة | D85: 350 | E85: معتمد | F85: مواد بناء ومحارة
A86: 79 | B86: صفحة 3 | C86: سيراميك أرضيات من أمام خزان الأسانسير بالروف | D86: 1000 | E86: معتمد | F86: مواد بناء ومحارة
A87: 80 | B87: صفحة 3 | C87: علف كف رخام | D87: 900 | E87: معتمد | F87: أعمال تشطيب وديكور
A88: 81 | B88: صفحة 3 | C88: فاتورة كهرباء قديمة الشركة تم تحصيل مشاركتها من المالك للفندق لـ الروف | D88: 4300 | E88: معتمد | F88: كهرباء وإنارة | G88: مستحقات كهرباء
A89: 82 | B89: صفحة 3 | C89: رخام للمبار والروف الخلفي توريد وتراكيب | D89: 27000 | E89: معتمد | F89: أعمال تشطيب وديكور | G89: رخام ومصنعية
A90: 83 | B90: صفحة 3 | C90: أجرة الحداد عند تجليد غرفة الأسانسير | D90: 7000 | E90: معتمد | F90: صيانة ومصاعد | G90: تجليد أسانسير
A91: 84 | B91: صفحة 3 | C91: إكراميات الحدادين | D91: 500 | E91: معتمد | F91: أجور وعمالة | G91: إكراميات
A92: 85 | B92: صفحة 3 | C92: علاء المحامي | D92: 2000 | E92: معتمد | F92: أجور وعمالة | G92: أتعاب قانونية
A93: 86 | B93: صفحة 3 | C93: مازن (أجور وعمالة) | D93: 5000 | E93: معتمد | F93: أجور وعمالة
A94: 87 | B94: صفحة 3 | C94: عدد 13 أبواب خشب بالكسور روف + ريسبشن | D94: 6700 | E94: معتمد | F94: إكسسوارات وتشطيبات | G94: أبواب خشبية
A95: 88 | B95: صفحة 3 | C95: عدد 3 كالون كامل للأبواب | D95: 1200 | E95: معتمد | F95: إكسسوارات وتشطيبات | G95: كوالين
A96: 89 | B96: صفحة 3 | C96: عدد 3 مقابض للأبواب | D96: 750 | E96: معتمد | F96: إكسسوارات وتشطيبات
A97: 90 | B97: صفحة 3 | C97: حلية أبواب للروف | D97: 400 | E97: معتمد | F97: إكسسوارات وتشطيبات
A98: 91 | B98: صفحة 3 | C98: مصنعية تركيب 12 أبواب + مفصلات وتعديل مصدات الأبواب | D98: 1500 | E98: معتمد | F98: إكسسوارات وتشطيبات | G98: تركيب نجارة
A99: 92 | B99: صفحة 4 | C99: مستلزمات سباكة لتصريف الروف والتقفيل النهائي | D99: 6200 | E99: معتمد | F99: سباكة وصرف
A100: 93 | B100: صفحة 4 | C100: أجرة السباك عن كامل الروف | D100: 3000 | E100: معتمد | F100: سباكة وصرف | G100: مصنعية سباك
A101: 94 | B101: صفحة 4 | C101: فاتورة التليفون والأرضي والإنترنت للفندق برقم 022773292 | D101: 2100 | E101: معتمد | F101: كهرباء وإنارة | G101: اتصالات وإنترنت
A102: 95 | B102: صفحة 4 | C102: دفعة لأحمد أسانسير | D102: 10000 | E102: معتمد | F102: صيانة ومصاعد | G102: صيانة مصاعد
A103: 96 | B103: صفحة 4 | C103: يوسف أبو ذكري سلفة | D103: 1000 | E103: معتمد | F103: أجور وعمالة | G103: سلفة
A104: 97 | B104: صفحة 4 | C104: تنظيف + أكياس فارغة + عربية كارو | D104: 1200 | E104: معتمد | F104: نقل وشحن | G104: نظافة ونقل
A105: 98 | B105: صفحة 4 | C105: رول + استقال + بار بلاك + مستلزمات | D105: 13300 | E105: معتمد | F105: دهانات وتكسية | G105: خامات ومواد
A106: 99 | B106: صفحة 4 | C106: لف سلك دش ومستلزماته | D106: 2000 | E106: معتمد | F106: كهرباء وإنارة | G106: شبكة دش وتلفزيون
...

Sheet ملخص حسب التصنيفات
A1: هوستل الأهرامات — ملخص المصروفات المعدلة موزع حسب التصنيفات الرئيسية
A3: التصنيف المحاسبي الرئيسي | B3: إجمالي المصروفات المعتمدة (جنيه) | C3: عدد البنود المعتمدة | D3: النسبة المئوية من الإجمالي
A4: أجور وعمالة | B4: =SUMIF('سجل المصروفات التفصيلي'!F8:F152, "أجور وعمالة", 'سجل المصروفات التفصيلي'!D8:D152) | C4: =COUNTIF('سجل المصروفات التفصيلي'!F8:F152, "أجور وعمالة") | D4: =B4/B19
A5: أثاث ومفروشات | B5: =SUMIF('سجل المصروفات التفصيلي'!F8:F152, "أثاث ومفروشات", 'سجل المصروفات التفصيلي'!D8:D152) | C5: =COUNTIF('سجل المصروفات التفصيلي'!F8:F152, "أثاث ومفروشات") | D5: =B5/B19
A6: صيانة ومصاعد | B6: =SUMIF('سجل المصروفات التفصيلي'!F8:F152, "صيانة ومصاعد", 'سجل المصروفات التفصيلي'!D8:D152) | C6: =COUNTIF('سجل المصروفات التفصيلي'!F8:F152, "صيانة ومصاعد") | D6: =B6/B19
A7: نثريات وتجهيزات | B7: =SUMIF('سجل المصروفات التفصيلي'!F8:F152, "نثريات وتجهيزات", 'سجل المصروفات التفصيلي'!D8:D152) | C7: =COUNTIF('سجل المصروفات التفصيلي'!F8:F152, "نثريات وتجهيزات") | D7: =B7/B19
A8: أعمال تشطيب وديكور | B8: =SUMIF('سجل المصروفات التفصيلي'!F8:F152, "أعمال تشطيب وديكور", 'سجل المصروفات التفصيلي'!D8:D152) | C8: =COUNTIF('سجل المصروفات التفصيلي'!F8:F152, "أعمال تشطيب وديكور") | D8: =B8/B19
A9: نقل وشحن | B9: =SUMIF('سجل المصروفات التفصيلي'!F8:F152, "نقل وشحن", 'سجل المصروفات التفصيلي'!D8:D152) | C9: =COUNTIF('سجل المصروفات التفصيلي'!F8:F152, "نقل وشحن") | D9: =B9/B19
A10: أعمال مدنية ومباني | B10: =SUMIF('سجل المصروفات التفصيلي'!F8:F152, "أعمال مدنية ومباني", 'سجل المصروفات التفصيلي'!D8:D152) | C10: =COUNTIF('سجل المصروفات التفصيلي'!F8:F152, "أعمال مدنية ومباني") | D10: =B10/B19
A11: مواد بناء ومحارة | B11: =SUMIF('سجل المصروفات التفصيلي'!F8:F152, "مواد بناء ومحارة", 'سجل المصروفات التفصيلي'!D8:D152) | C11: =COUNTIF('سجل المصروفات التفصيلي'!F8:F152, "مواد بناء ومحارة") | D11: =B11/B19
A12: إكسسوارات وتشطيبات | B12: =SUMIF('سجل المصروفات التفصيلي'!F8:F152, "إكسسوارات وتشطيبات", 'سجل المصروفات التفصيلي'!D8:D152) | C12: =COUNTIF('سجل المصروفات التفصيلي'!F8:F152, "إكسسوارات وتشطيبات") | D12: =B12/B19
A13: سباكة وصرف | B13: =SUMIF('سجل المصروفات التفصيلي'!F8:F152, "سباكة وصرف", 'سجل المصروفات التفصيلي'!D8:D152) | C13: =COUNTIF('سجل المصروفات التفصيلي'!F8:F152, "سباكة وصرف") | D13: =B13/B19
A14: مرافق وفواتير | B14: =SUMIF('سجل المصروفات التفصيلي'!F8:F152, "مرافق وفواتير", 'سجل المصروفات التفصيلي'!D8:D152) | C14: =COUNTIF('سجل المصروفات التفصيلي'!F8:F152, "مرافق وفواتير") | D14: =B14/B19
A15: دهانات وتكسية | B15: =SUMIF('سجل المصروفات التفصيلي'!F8:F152, "دهانات وتكسية", 'سجل المصروفات التفصيلي'!D8:D152) | C15: =COUNTIF('سجل المصروفات التفصيلي'!F8:F152, "دهانات وتكسية") | D15: =B15/B19
A16: كهرباء وإنارة | B16: =SUMIF('سجل المصروفات التفصيلي'!F8:F152, "كهرباء وإنارة", 'سجل المصروفات التفصيلي'!D8:D152) | C16: =COUNTIF('سجل المصروفات التفصيلي'!F8:F152, "كهرباء وإنارة") | D16: =B16/B19
A17: نظافة وغسيل | B17: =SUMIF('سجل المصروفات التفصيلي'!F8:F152, "نظافة وغسيل", 'سجل المصروفات التفصيلي'!D8:D152) | C17: =COUNTIF('سجل المصروفات التفصيلي'!F8:F152, "نظافة وغسيل") | D17: =B17/B19
A18: ديكور ومكملات | B18: =SUMIF('سجل المصروفات التفصيلي'!F8:F152, "ديكور ومكملات", 'سجل المصروفات التفصيلي'!D8:D152) | C18: =COUNTIF('سجل المصروفات التفصيلي'!F8:F152, "ديكور ومكملات") | D18: =B18/B19
A19: المجموع الإجمالي | B19: =SUM(B4:B18) | C19: =SUM(C4:C18) | D19: =SUM(D4:D18)

Sheet مطابقة صفحات الدفتر
A1: هوستل الأهرامات — جدول مطابقة صفحات الدفتر الورقي (بعد التعديلات اليدوية)
A3: رقم الصفحة / المستند | B3: إجمالي الصفحة المحسوب بالإكسيل (جنيه) | C3: عدد البنود بالصفحة | D3: ملاحظات المطابقة المحاسبية
A4: صفحة 1 | B4: =SUMIF('سجل المصروفات التفصيلي'!B8:B152, "صفحة 1", 'سجل المصروفات التفصيلي'!D8:D152) | C4: =COUNTIF('سجل المصروفات التفصيلي'!B8:B152, "صفحة 1") | D4: مطابق للقيم والبنود المعدلة بدفتر المصروفات
A5: صفحة 2 | B5: =SUMIF('سجل المصروفات التفصيلي'!B8:B152, "صفحة 2", 'سجل المصروفات التفصيلي'!D8:D152) | C5: =COUNTIF('سجل المصروفات التفصيلي'!B8:B152, "صفحة 2") | D5: مطابق للقيم والبنود المعدلة بدفتر المصروفات
A6: صفحة 3 | B6: =SUMIF('سجل المصروفات التفصيلي'!B8:B152, "صفحة 3", 'سجل المصروفات التفصيلي'!D8:D152) | C6: =COUNTIF('سجل المصروفات التفصيلي'!B8:B152, "صفحة 3") | D6: مطابق للقيم والبنود المعدلة بدفتر المصروفات
A7: صفحة 4 | B7: =SUMIF('سجل المصروفات التفصيلي'!B8:B152, "صفحة 4", 'سجل المصروفات التفصيلي'!D8:D152) | C7: =COUNTIF('سجل المصروفات التفصيلي'!B8:B152, "صفحة 4") | D7: مطابق للقيم والبنود المعدلة بدفتر المصروفات
A8: صفحة 5 | B8: =SUMIF('سجل المصروفات التفصيلي'!B8:B152, "صفحة 5", 'سجل المصروفات التفصيلي'!D8:D152) | C8: =COUNTIF('سجل المصروفات التفصيلي'!B8:B152, "صفحة 5") | D8: مطابق للقيم والبنود المعدلة بدفتر المصروفات
A9: صفحة 6 (ملاحظة 10 أغسطس) | B9: =SUMIF('سجل المصروفات التفصيلي'!B8:B152, "صفحة 6 (ملاحظة 10 أغسطس)", 'سجل المصروفات التفصيلي'!D8:D152) | C9: =COUNTIF('سجل المصروفات التفصيلي'!B8:B152, "صفحة 6 (ملاحظة 10 أغسطس)") | D9: مطابق للقيم والبنود المعدلة بدفتر المصروفات
A10: المجموع الإجمالي الشامل | B10: =SUM(B4:B9) | C10: =SUM(C4:C9) | D10: إجمالي كافة الصفحات والمستندات معتمدة 100%
