Workbook
Name طرق_الدفع: إعدادات_النظام!$B$1:$B$7
Name قائمة_الغرف: حالة_الغرف_والأسعار!$A$8:$A$60
Name قائمة_حالات_الغرفة: إعدادات_النظام!$A$1:$A$5

Sheet إعدادات_النظام
A1: متاحة | B1: مؤكد - نقدي
A2: ساكن | B2: مؤكد - فيزا
A3: محجوزة | B3: مؤكد - فودافون كاش
A4: تحت التنظيف | B4: مؤكد - بوكينج
A5: صيانة | B5: دفعة مقدمة
B6: معلق
B7: ملغي

Sheet حالة_الغرف_والأسعار
A1: 🏨 لوحة متابعة حالة الغرف والأسعار الفورية (تلوين تلقائي للصف بالكامل حسب الحالة)
A3: إجمالي الغرف | C3: غرف ساكنة (نزيل حالي) | E3: غرف محجوزة (قادمة) | G3: غرف متاحة | H3: نسبة الإشغال | I3: إجمالي المحصل (ج.م)
A4: =COUNTA(A8:A60) -> 51 | C4: =COUNTIF(E8:E60, "ساكن") -> 0 | E4: =COUNTIF(E8:E60, "محجوزة") -> 0 | G4: =COUNTIF(E8:E60, "متاحة") -> 25 | H4: =IF(A4>0, (C4+E4)/A4, 0) -> 0 | I4: =SUM(I8:I60) -> 0
A7: رقم الغرفة | B7: الدور / الطابق | C7: نوع الغرفة | D7: السعر لليلة (ج.م) | E7: حالة الغرفة (قائمة منسدلة) | F7: اسم النزيل الحالي | G7: تاريخ الدخول | H7: تاريخ الخروج | I7: المبلغ المدفوع (ج.م) | J7: ملاحظات
A8: 101 | B8: الدور الأول | C8: دابل شبك | D8: 1200 | E8: متاحة | F8: =IF(A8="","", IFERROR(INDEX(سجل_الحجوزات!$E$4:$E$100, MATCH(A8, سجل_الحجوزات!$B$4:$B$100, 0)), "-")) -> - | G8: =IF(A8="","", IFERROR(INDEX(سجل_الحجوزات!$G$4:$G$100, MATCH(A8, سجل_الحجوزات!$B$4:$B$100, 0)), "-")) -> - | H8: =IF(A8="","", IFERROR(INDEX(سجل_الحجوزات!$H$4:$H$100, MATCH(A8, سجل_الحجوزات!$B$4:$B$100, 0)), "-")) -> - | I8: =IF(A8="","", SUMIF(سجل_الحجوزات!$B$4:$B$100, A8, سجل_الحجوزات!$L$4:$L$100)) -> 0 | J8: شباك شبك
A9: 102 | B9: الدور الأول | C9: سرير كينج | D9: 1400 | E9: متاحة | F9: =IF(A9="","", IFERROR(INDEX(سجل_الحجوزات!$E$4:$E$100, MATCH(A9, سجل_الحجوزات!$B$4:$B$100, 0)), "-")) -> - | G9: =IF(A9="","", IFERROR(INDEX(سجل_الحجوزات!$G$4:$G$100, MATCH(A9, سجل_الحجوزات!$B$4:$B$100, 0)), "-")) -> - | H9: =IF(A9="","", IFERROR(INDEX(سجل_الحجوزات!$H$4:$H$100, MATCH(A9, سجل_الحجوزات!$B$4:$B$100, 0)), "-")) -> - | I9: =IF(A9="","", SUMIF(سجل_الحجوزات!$B$4:$B$100, A9, سجل_الحجوزات!$L$4:$L$100)) -> 0 | J9: سرير كينج مريح
A10: 103 | B10: الدور الأول | C10: سويت عائلي | D10: 2500 | E10: متاحة | F10: =IF(A10="","", IFERROR(INDEX(سجل_الحجوزات!$E$4:$E$100, MATCH(A10, سجل_الحجوزات!$B$4:$B$100, 0)), "-")) -> - | G10: =IF(A10="","", IFERROR(INDEX(سجل_الحجوزات!$G$4:$G$100, MATCH(A10, سجل_الحجوزات!$B$4:$B$100, 0)), "-")) -> - | H10: =IF(A10="","", IFERROR(INDEX(سجل_الحجوزات!$H$4:$H$100, MATCH(A10, سجل_الحجوزات!$B$4:$B$100, 0)), "-")) -> - | I10: =IF(A10="","", SUMIF(سجل_الحجوزات!$B$4:$B$100, A10, سجل_الحجوزات!$L$4:$L$100)) -> 0 | J10: سويت عائلي فاخر
A11: 104 | B11: الدور الأول | C11: كينج شبك | D11: 1500 | E11: متاحة | F11: =IF(A11="","", IFERROR(INDEX(سجل_الحجوزات!$E$4:$E$100, MATCH(A11, سجل_الحجوزات!$B$4:$B$100, 0)), "-")) -> - | G11: =IF(A11="","", IFERROR(INDEX(سجل_الحجوزات!$G$4:$G$100, MATCH(A11, سجل_الحجوزات!$B$4:$B$100, 0)), "-")) -> - | H11: =IF(A11="","", IFERROR(INDEX(سجل_الحجوزات!$H$4:$H$100, MATCH(A11, سجل_الحجوزات!$B$4:$B$100, 0)), "-")) -> - | I11: =IF(A11="","", SUMIF(سجل_الحجوزات!$B$4:$B$100, A11, سجل_الحجوزات!$L$4:$L$100)) -> 0 | J11: كينج شبك
A12: 201 | B12: الدور الثاني | C12: سنجل بلكونة | D12: 900 | E12: متاحة | F12: =IF(A12="","", IFERROR(INDEX(سجل_الحجوزات!$E$4:$E$100, MATCH(A12, سجل_الحجوزات!$B$4:$B$100, 0)), "-")) -> - | G12: =IF(A12="","", IFERROR(INDEX(سجل_الحجوزات!$G$4:$G$100, MATCH(A12, سجل_الحجوزات!$B$4:$B$100, 0)), "-")) -> - | H12: =IF(A12="","", IFERROR(INDEX(سجل_الحجوزات!$H$4:$H$100, MATCH(A12, سجل_الحجوزات!$B$4:$B$100, 0)), "-")) -> - | I12: =IF(A12="","", SUMIF(سجل_الحجوزات!$B$4:$B$100, A12, سجل_الحجوزات!$L$4:$L$100)) -> 0 | J12: بلكونة خارجية
A13: 202 | B13: الدور الثاني | C13: دابل بلكونة | D13: 1300 | E13: متاحة | F13: =IF(A13="","", IFERROR(INDEX(سجل_الحجوزات!$E$4:$E$100, MATCH(A13, سجل_الحجوزات!$B$4:$B$100, 0)), "-")) -> - | G13: =IF(A13="","", IFERROR(INDEX(سجل_الحجوزات!$G$4:$G$100, MATCH(A13, سجل_الحجوزات!$B$4:$B$100, 0)), "-")) -> - | H13: =IF(A13="","", IFERROR(INDEX(سجل_الحجوزات!$H$4:$H$100, MATCH(A13, سجل_الحجوزات!$B$4:$B$100, 0)), "-")) -> - | I13: =IF(A13="","", SUMIF(سجل_الحجوزات!$B$4:$B$100, A13, سجل_الحجوزات!$L$4:$L$100)) -> 0 | J13: بلكونة وتراس
A14: 203 | B14: الدور الثاني | C14: دابل قياسي | D14: 1200 | E14: متاحة | F14: =IF(A14="","", IFERROR(INDEX(سجل_الحجوزات!$E$4:$E$100, MATCH(A14, سجل_الحجوزات!$B$4:$B$100, 0)), "-")) -> - | G14: =IF(A14="","", IFERROR(INDEX(سجل_الحجوزات!$G$4:$G$100, MATCH(A14, سجل_الحجوزات!$B$4:$B$100, 0)), "-")) -> - | H14: =IF(A14="","", IFERROR(INDEX(سجل_الحجوزات!$H$4:$H$100, MATCH(A14, سجل_الحجوزات!$B$4:$B$100, 0)), "-")) -> - | I14: =IF(A14="","", SUMIF(سجل_الحجوزات!$B$4:$B$100, A14, سجل_الحجوزات!$L$4:$L$100)) -> 0 | J14: تجهيز مفروشات
A15: 204 | B15: الدور الثاني | C15: سرير كينج | D15: 1500 | E15: متاحة | F15: =IF(A15="","", IFERROR(INDEX(سجل_الحجوزات!$E$4:$E$100, MATCH(A15, سجل_الحجوزات!$B$4:$B$100, 0)), "-")) -> - | G15: =IF(A15="","", IFERROR(INDEX(سجل_الحجوزات!$G$4:$G$100, MATCH(A15, سجل_الحجوزات!$B$4:$B$100, 0)), "-")) -> - | H15: =IF(A15="","", IFERROR(INDEX(سجل_الحجوزات!$H$4:$H$100, MATCH(A15, سجل_الحجوزات!$B$4:$B$100, 0)), "-")) -> - | I15: =IF(A15="","", SUMIF(سجل_الحجوزات!$B$4:$B$100, A15, سجل_الحجوزات!$L$4:$L$100)) -> 0 | J15: كينج واسع
A16: 205 | B16: الدور الثاني | C16: دابل قياسي | D16: 1200 | E16: متاحة | F16: =IF(A16="","", IFERROR(INDEX(سجل_الحجوزات!$E$4:$E$100, MATCH(A16, سجل_الحجوزات!$B$4:$B$100, 0)), "-")) -> - | G16: =IF(A16="","", IFERROR(INDEX(سجل_الحجوزات!$G$4:$G$100, MATCH(A16, سجل_الحجوزات!$B$4:$B$100, 0)), "-")) -> - | H16: =IF(A16="","", IFERROR(INDEX(سجل_الحجوزات!$H$4:$H$100, MATCH(A16, سجل_الحجوزات!$B$4:$B$100, 0)), "-")) -> - | I16: =IF(A16="","", SUMIF(سجل_الحجوزات!$B$4:$B$100, A16, سجل_الحجوزات!$L$4:$L$100)) -> 0 | J16: شباك قياسي
A17: 206 | B17: الدور الثاني | C17: ترابل 3 أسرّة | D17: 1800 | E17: متاحة | F17: =IF(A17="","", IFERROR(INDEX(سجل_الحجوزات!$E$4:$E$100, MATCH(A17, سجل_الحجوزات!$B$4:$B$100, 0)), "-")) -> - | G17: =IF(A17="","", IFERROR(INDEX(سجل_الحجوزات!$G$4:$G$100, MATCH(A17, سجل_الحجوزات!$B$4:$B$100, 0)), "-")) -> - | H17: =IF(A17="","", IFERROR(INDEX(سجل_الحجوزات!$H$4:$H$100, MATCH(A17, سجل_الحجوزات!$B$4:$B$100, 0)), "-")) -> - | I17: =IF(A17="","", SUMIF(سجل_الحجوزات!$B$4:$B$100, A17, سجل_الحجوزات!$L$4:$L$100)) -> 0 | J17: غرفة عائلية 3 سراير
A18: 207 | B18: الدور الثاني | C18: دابل جانبي | D18: 1250 | E18: متاحة | F18: =IF(A18="","", IFERROR(INDEX(سجل_الحجوزات!$E$4:$E$100, MATCH(A18, سجل_الحجوزات!$B$4:$B$100, 0)), "-")) -> - | G18: =IF(A18="","", IFERROR(INDEX(سجل_الحجوزات!$G$4:$G$100, MATCH(A18, سجل_الحجوزات!$B$4:$B$100, 0)), "-")) -> - | H18: =IF(A18="","", IFERROR(INDEX(سجل_الحجوزات!$H$4:$H$100, MATCH(A18, سجل_الحجوزات!$B$4:$B$100, 0)), "-")) -> - | I18: =IF(A18="","", SUMIF(سجل_الحجوزات!$B$4:$B$100, A18, سجل_الحجوزات!$L$4:$L$100)) -> 0 | J18: إطلالة جانبية
A19: 301 | B19: الدور الثالث | C19: سنجل بلكونة | D19: 950 | E19: متاحة | F19: =IF(A19="","", IFERROR(INDEX(سجل_الحجوزات!$E$4:$E$100, MATCH(A19, سجل_الحجوزات!$B$4:$B$100, 0)), "-")) -> - | G19: =IF(A19="","", IFERROR(INDEX(سجل_الحجوزات!$G$4:$G$100, MATCH(A19, سجل_الحجوزات!$B$4:$B$100, 0)), "-")) -> - | H19: =IF(A19="","", IFERROR(INDEX(سجل_الحجوزات!$H$4:$H$100, MATCH(A19, سجل_الحجوزات!$B$4:$B$100, 0)), "-")) -> - | I19: =IF(A19="","", SUMIF(سجل_الحجوزات!$B$4:$B$100, A19, سجل_الحجوزات!$L$4:$L$100)) -> 0 | J19: بلكونة دور ثالث
... A32: 407 | B32: الدور الرابع | C32: دابل جانبي | D32: 1350 | E32: متاحة | F32: =IF(A32="","", IFERROR(INDEX(سجل_الحجوزات!$E$4:$E$100, MATCH(A32, سجل_الحجوزات!$B$4:$B$100, 0)), "-")) -> - | G32: =IF(A32="","", IFERROR(INDEX(سجل_الحجوزات!$G$4:$G$100, MATCH(A32, سجل_الحجوزات!$B$4:$B$100, 0)), "-")) -> - | H32: =IF(A32="","", IFERROR(INDEX(سجل_الحجوزات!$H$4:$H$100, MATCH(A32, سجل_الحجوزات!$B$4:$B$100, 0)), "-")) -> - | I32: =IF(A32="","", SUMIF(سجل_الحجوزات!$B$4:$B$100, A32, سجل_الحجوزات!$L$4:$L$100)) -> 0 | J32: شبك جانبي
F33: =IF(A33="","", IFERROR(INDEX(سجل_الحجوزات!$E$4:$E$100, MATCH(A33, سجل_الحجوزات!$B$4:$B$100, 0)), "-")) | G33: =IF(A33="","", IFERROR(INDEX(سجل_الحجوزات!$G$4:$G$100, MATCH(A33, سجل_الحجوزات!$B$4:$B$100, 0)), "-")) | H33: =IF(A33="","", IFERROR(INDEX(سجل_الحجوزات!$H$4:$H$100, MATCH(A33, سجل_الحجوزات!$B$4:$B$100, 0)), "-")) | I33: =IF(A33="","", SUMIF(سجل_الحجوزات!$B$4:$B$100, A33, سجل_الحجوزات!$L$4:$L$100))
F34: =IF(A34="","", IFERROR(INDEX(سجل_الحجوزات!$E$4:$E$100, MATCH(A34, سجل_الحجوزات!$B$4:$B$100, 0)), "-")) | G34: =IF(A34="","", IFERROR(INDEX(سجل_الحجوزات!$G$4:$G$100, MATCH(A34, سجل_الحجوزات!$B$4:$B$100, 0)), "-")) | H34: =IF(A34="","", IFERROR(INDEX(سجل_الحجوزات!$H$4:$H$100, MATCH(A34, سجل_الحجوزات!$B$4:$B$100, 0)), "-")) | I34: =IF(A34="","", SUMIF(سجل_الحجوزات!$B$4:$B$100, A34, سجل_الحجوزات!$L$4:$L$100))
F35: =IF(A35="","", IFERROR(INDEX(سجل_الحجوزات!$E$4:$E$100, MATCH(A35, سجل_الحجوزات!$B$4:$B$100, 0)), "-")) | G35: =IF(A35="","", IFERROR(INDEX(سجل_الحجوزات!$G$4:$G$100, MATCH(A35, سجل_الحجوزات!$B$4:$B$100, 0)), "-")) | H35: =IF(A35="","", IFERROR(INDEX(سجل_الحجوزات!$H$4:$H$100, MATCH(A35, سجل_الحجوزات!$B$4:$B$100, 0)), "-")) | I35: =IF(A35="","", SUMIF(سجل_الحجوزات!$B$4:$B$100, A35, سجل_الحجوزات!$L$4:$L$100))
F36: =IF(A36="","", IFERROR(INDEX(سجل_الحجوزات!$E$4:$E$100, MATCH(A36, سجل_الحجوزات!$B$4:$B$100, 0)), "-")) | G36: =IF(A36="","", IFERROR(INDEX(سجل_الحجوزات!$G$4:$G$100, MATCH(A36, سجل_الحجوزات!$B$4:$B$100, 0)), "-")) | H36: =IF(A36="","", IFERROR(INDEX(سجل_الحجوزات!$H$4:$H$100, MATCH(A36, سجل_الحجوزات!$B$4:$B$100, 0)), "-")) | I36: =IF(A36="","", SUMIF(سجل_الحجوزات!$B$4:$B$100, A36, سجل_الحجوزات!$L$4:$L$100))
F37: =IF(A37="","", IFERROR(INDEX(سجل_الحجوزات!$E$4:$E$100, MATCH(A37, سجل_الحجوزات!$B$4:$B$100, 0)), "-")) | G37: =IF(A37="","", IFERROR(INDEX(سجل_الحجوزات!$G$4:$G$100, MATCH(A37, سجل_الحجوزات!$B$4:$B$100, 0)), "-")) | H37: =IF(A37="","", IFERROR(INDEX(سجل_الحجوزات!$H$4:$H$100, MATCH(A37, سجل_الحجوزات!$B$4:$B$100, 0)), "-")) | I37: =IF(A37="","", SUMIF(سجل_الحجوزات!$B$4:$B$100, A37, سجل_الحجوزات!$L$4:$L$100))
F38: =IF(A38="","", IFERROR(INDEX(سجل_الحجوزات!$E$4:$E$100, MATCH(A38, سجل_الحجوزات!$B$4:$B$100, 0)), "-")) | G38: =IF(A38="","", IFERROR(INDEX(سجل_الحجوزات!$G$4:$G$100, MATCH(A38, سجل_الحجوزات!$B$4:$B$100, 0)), "-")) | H38: =IF(A38="","", IFERROR(INDEX(سجل_الحجوزات!$H$4:$H$100, MATCH(A38, سجل_الحجوزات!$B$4:$B$100, 0)), "-")) | I38: =IF(A38="","", SUMIF(سجل_الحجوزات!$B$4:$B$100, A38, سجل_الحجوزات!$L$4:$L$100))
F39: =IF(A39="","", IFERROR(INDEX(سجل_الحجوزات!$E$4:$E$100, MATCH(A39, سجل_الحجوزات!$B$4:$B$100, 0)), "-")) | G39: =IF(A39="","", IFERROR(INDEX(سجل_الحجوزات!$G$4:$G$100, MATCH(A39, سجل_الحجوزات!$B$4:$B$100, 0)), "-")) | H39: =IF(A39="","", IFERROR(INDEX(سجل_الحجوزات!$H$4:$H$100, MATCH(A39, سجل_الحجوزات!$B$4:$B$100, 0)), "-")) | I39: =IF(A39="","", SUMIF(سجل_الحجوزات!$B$4:$B$100, A39, سجل_الحجوزات!$L$4:$L$100))
F40: =IF(A40="","", IFERROR(INDEX(سجل_الحجوزات!$E$4:$E$100, MATCH(A40, سجل_الحجوزات!$B$4:$B$100, 0)), "-")) | G40: =IF(A40="","", IFERROR(INDEX(سجل_الحجوزات!$G$4:$G$100, MATCH(A40, سجل_الحجوزات!$B$4:$B$100, 0)), "-")) | H40: =IF(A40="","", IFERROR(INDEX(سجل_الحجوزات!$H$4:$H$100, MATCH(A40, سجل_الحجوزات!$B$4:$B$100, 0)), "-")) | I40: =IF(A40="","", SUMIF(سجل_الحجوزات!$B$4:$B$100, A40, سجل_الحجوزات!$L$4:$L$100))
F41: =IF(A41="","", IFERROR(INDEX(سجل_الحجوزات!$E$4:$E$100, MATCH(A41, سجل_الحجوزات!$B$4:$B$100, 0)), "-")) | G41: =IF(A41="","", IFERROR(INDEX(سجل_الحجوزات!$G$4:$G$100, MATCH(A41, سجل_الحجوزات!$B$4:$B$100, 0)), "-")) | H41: =IF(A41="","", IFERROR(INDEX(سجل_الحجوزات!$H$4:$H$100, MATCH(A41, سجل_الحجوزات!$B$4:$B$100, 0)), "-")) | I41: =IF(A41="","", SUMIF(سجل_الحجوزات!$B$4:$B$100, A41, سجل_الحجوزات!$L$4:$L$100))
F42: =IF(A42="","", IFERROR(INDEX(سجل_الحجوزات!$E$4:$E$100, MATCH(A42, سجل_الحجوزات!$B$4:$B$100, 0)), "-")) | G42: =IF(A42="","", IFERROR(INDEX(سجل_الحجوزات!$G$4:$G$100, MATCH(A42, سجل_الحجوزات!$B$4:$B$100, 0)), "-")) | H42: =IF(A42="","", IFERROR(INDEX(سجل_الحجوزات!$H$4:$H$100, MATCH(A42, سجل_الحجوزات!$B$4:$B$100, 0)), "-")) | I42: =IF(A42="","", SUMIF(سجل_الحجوزات!$B$4:$B$100, A42, سجل_الحجوزات!$L$4:$L$100))
F43: =IF(A43="","", IFERROR(INDEX(سجل_الحجوزات!$E$4:$E$100, MATCH(A43, سجل_الحجوزات!$B$4:$B$100, 0)), "-")) | G43: =IF(A43="","", IFERROR(INDEX(سجل_الحجوزات!$G$4:$G$100, MATCH(A43, سجل_الحجوزات!$B$4:$B$100, 0)), "-")) | H43: =IF(A43="","", IFERROR(INDEX(سجل_الحجوزات!$H$4:$H$100, MATCH(A43, سجل_الحجوزات!$B$4:$B$100, 0)), "-")) | I43: =IF(A43="","", SUMIF(سجل_الحجوزات!$B$4:$B$100, A43, سجل_الحجوزات!$L$4:$L$100))
F44: =IF(A44="","", IFERROR(INDEX(سجل_الحجوزات!$E$4:$E$100, MATCH(A44, سجل_الحجوزات!$B$4:$B$100, 0)), "-")) | G44: =IF(A44="","", IFERROR(INDEX(سجل_الحجوزات!$G$4:$G$100, MATCH(A44, سجل_الحجوزات!$B$4:$B$100, 0)), "-")) | H44: =IF(A44="","", IFERROR(INDEX(سجل_الحجوزات!$H$4:$H$100, MATCH(A44, سجل_الحجوزات!$B$4:$B$100, 0)), "-")) | I44: =IF(A44="","", SUMIF(سجل_الحجوزات!$B$4:$B$100, A44, سجل_الحجوزات!$L$4:$L$100))
... F57: =IF(A57="","", IFERROR(INDEX(سجل_الحجوزات!$E$4:$E$100, MATCH(A57, سجل_الحجوزات!$B$4:$B$100, 0)), "-")) | G57: =IF(A57="","", IFERROR(INDEX(سجل_الحجوزات!$G$4:$G$100, MATCH(A57, سجل_الحجوزات!$B$4:$B$100, 0)), "-")) | H57: =IF(A57="","", IFERROR(INDEX(سجل_الحجوزات!$H$4:$H$100, MATCH(A57, سجل_الحجوزات!$B$4:$B$100, 0)), "-")) | I57: =IF(A57="","", SUMIF(سجل_الحجوزات!$B$4:$B$100, A57, سجل_الحجوزات!$L$4:$L$100))
A58: الإجمالي العام للغرف المسجلة | D58: =AVERAGE(D8:D57) -> 1458 | E58: إجمالي الإيراد المسدد حالياً: | I58: =SUM(I8:I57) -> 0 | J58: مربوط تلقائياً

Sheet سجل_الحجوزات
A1: 📋 سجل وتفاصيل حجوزات النزلاء ومتابعة الحسابات (فارغ وجاهز لتسجيل الحجوزات)
A3: رقم الحجز | B3: رقم الغرفة (قائمة) | C3: الدور (تلقائي) | D3: نوع الغرفة (تلقائي) | E3: اسم النزيل | F3: رقم الهاتف | G3: تاريخ الدخول | H3: تاريخ الخروج | I3: عدد الليالي (تلقائي) | J3: سعر الليلة (تلقائي) | K3: الإجمالي المطلوب (ج.م) | L3: المبلغ المسدد (ج.م) | M3: المتبقي (ج.م) | N3: طريقة الدفع والحالة
A4: BK-001 | C4: =IF(B4="","", IFERROR(VLOOKUP(B4, حالة_الغرف_والأسعار!$A$8:$D$60, 2, FALSE), "")) | D4: =IF(B4="","", IFERROR(VLOOKUP(B4, حالة_الغرف_والأسعار!$A$8:$D$60, 3, FALSE), "")) | I4: =IF(AND(G4<>"", H4<>""), H4-G4, "") | J4: =IF(B4="","", IFERROR(VLOOKUP(B4, حالة_الغرف_والأسعار!$A$8:$D$60, 4, FALSE), 0)) | K4: =IF(AND(I4>0, J4>0), I4*J4, 0) -> #VALUE! | L4: 0 | M4: =IF(K4>0, K4-L4, 0) -> #VALUE!
A5: BK-002 | C5: =IF(B5="","", IFERROR(VLOOKUP(B5, حالة_الغرف_والأسعار!$A$8:$D$60, 2, FALSE), "")) | D5: =IF(B5="","", IFERROR(VLOOKUP(B5, حالة_الغرف_والأسعار!$A$8:$D$60, 3, FALSE), "")) | I5: =IF(AND(G5<>"", H5<>""), H5-G5, "") | J5: =IF(B5="","", IFERROR(VLOOKUP(B5, حالة_الغرف_والأسعار!$A$8:$D$60, 4, FALSE), 0)) | K5: =IF(AND(I5>0, J5>0), I5*J5, 0) -> #VALUE! | L5: 0 | M5: =IF(K5>0, K5-L5, 0) -> #VALUE!
A6: BK-003 | C6: =IF(B6="","", IFERROR(VLOOKUP(B6, حالة_الغرف_والأسعار!$A$8:$D$60, 2, FALSE), "")) | D6: =IF(B6="","", IFERROR(VLOOKUP(B6, حالة_الغرف_والأسعار!$A$8:$D$60, 3, FALSE), "")) | I6: =IF(AND(G6<>"", H6<>""), H6-G6, "") | J6: =IF(B6="","", IFERROR(VLOOKUP(B6, حالة_الغرف_والأسعار!$A$8:$D$60, 4, FALSE), 0)) | K6: =IF(AND(I6>0, J6>0), I6*J6, 0) -> #VALUE! | L6: 0 | M6: =IF(K6>0, K6-L6, 0) -> #VALUE!
A7: BK-004 | C7: =IF(B7="","", IFERROR(VLOOKUP(B7, حالة_الغرف_والأسعار!$A$8:$D$60, 2, FALSE), "")) | D7: =IF(B7="","", IFERROR(VLOOKUP(B7, حالة_الغرف_والأسعار!$A$8:$D$60, 3, FALSE), "")) | I7: =IF(AND(G7<>"", H7<>""), H7-G7, "") | J7: =IF(B7="","", IFERROR(VLOOKUP(B7, حالة_الغرف_والأسعار!$A$8:$D$60, 4, FALSE), 0)) | K7: =IF(AND(I7>0, J7>0), I7*J7, 0) -> #VALUE! | L7: 0 | M7: =IF(K7>0, K7-L7, 0) -> #VALUE!
A8: BK-005 | C8: =IF(B8="","", IFERROR(VLOOKUP(B8, حالة_الغرف_والأسعار!$A$8:$D$60, 2, FALSE), "")) | D8: =IF(B8="","", IFERROR(VLOOKUP(B8, حالة_الغرف_والأسعار!$A$8:$D$60, 3, FALSE), "")) | I8: =IF(AND(G8<>"", H8<>""), H8-G8, "") | J8: =IF(B8="","", IFERROR(VLOOKUP(B8, حالة_الغرف_والأسعار!$A$8:$D$60, 4, FALSE), 0)) | K8: =IF(AND(I8>0, J8>0), I8*J8, 0) -> #VALUE! | L8: 0 | M8: =IF(K8>0, K8-L8, 0) -> #VALUE!
A9: BK-006 | C9: =IF(B9="","", IFERROR(VLOOKUP(B9, حالة_الغرف_والأسعار!$A$8:$D$60, 2, FALSE), "")) | D9: =IF(B9="","", IFERROR(VLOOKUP(B9, حالة_الغرف_والأسعار!$A$8:$D$60, 3, FALSE), "")) | I9: =IF(AND(G9<>"", H9<>""), H9-G9, "") | J9: =IF(B9="","", IFERROR(VLOOKUP(B9, حالة_الغرف_والأسعار!$A$8:$D$60, 4, FALSE), 0)) | K9: =IF(AND(I9>0, J9>0), I9*J9, 0) -> #VALUE! | L9: 0 | M9: =IF(K9>0, K9-L9, 0) -> #VALUE!
A10: BK-007 | C10: =IF(B10="","", IFERROR(VLOOKUP(B10, حالة_الغرف_والأسعار!$A$8:$D$60, 2, FALSE), "")) | D10: =IF(B10="","", IFERROR(VLOOKUP(B10, حالة_الغرف_والأسعار!$A$8:$D$60, 3, FALSE), "")) | I10: =IF(AND(G10<>"", H10<>""), H10-G10, "") | J10: =IF(B10="","", IFERROR(VLOOKUP(B10, حالة_الغرف_والأسعار!$A$8:$D$60, 4, FALSE), 0)) | K10: =IF(AND(I10>0, J10>0), I10*J10, 0) -> #VALUE! | L10: 0 | M10: =IF(K10>0, K10-L10, 0) -> #VALUE!
A11: BK-008 | C11: =IF(B11="","", IFERROR(VLOOKUP(B11, حالة_الغرف_والأسعار!$A$8:$D$60, 2, FALSE), "")) | D11: =IF(B11="","", IFERROR(VLOOKUP(B11, حالة_الغرف_والأسعار!$A$8:$D$60, 3, FALSE), "")) | I11: =IF(AND(G11<>"", H11<>""), H11-G11, "") | J11: =IF(B11="","", IFERROR(VLOOKUP(B11, حالة_الغرف_والأسعار!$A$8:$D$60, 4, FALSE), 0)) | K11: =IF(AND(I11>0, J11>0), I11*J11, 0) -> #VALUE! | L11: 0 | M11: =IF(K11>0, K11-L11, 0) -> #VALUE!
A12: BK-009 | C12: =IF(B12="","", IFERROR(VLOOKUP(B12, حالة_الغرف_والأسعار!$A$8:$D$60, 2, FALSE), "")) | D12: =IF(B12="","", IFERROR(VLOOKUP(B12, حالة_الغرف_والأسعار!$A$8:$D$60, 3, FALSE), "")) | I12: =IF(AND(G12<>"", H12<>""), H12-G12, "") | J12: =IF(B12="","", IFERROR(VLOOKUP(B12, حالة_الغرف_والأسعار!$A$8:$D$60, 4, FALSE), 0)) | K12: =IF(AND(I12>0, J12>0), I12*J12, 0) -> #VALUE! | L12: 0 | M12: =IF(K12>0, K12-L12, 0) -> #VALUE!
A13: BK-010 | C13: =IF(B13="","", IFERROR(VLOOKUP(B13, حالة_الغرف_والأسعار!$A$8:$D$60, 2, FALSE), "")) | D13: =IF(B13="","", IFERROR(VLOOKUP(B13, حالة_الغرف_والأسعار!$A$8:$D$60, 3, FALSE), "")) | I13: =IF(AND(G13<>"", H13<>""), H13-G13, "") | J13: =IF(B13="","", IFERROR(VLOOKUP(B13, حالة_الغرف_والأسعار!$A$8:$D$60, 4, FALSE), 0)) | K13: =IF(AND(I13>0, J13>0), I13*J13, 0) -> #VALUE! | L13: 0 | M13: =IF(K13>0, K13-L13, 0) -> #VALUE!
A14: BK-011 | C14: =IF(B14="","", IFERROR(VLOOKUP(B14, حالة_الغرف_والأسعار!$A$8:$D$60, 2, FALSE), "")) | D14: =IF(B14="","", IFERROR(VLOOKUP(B14, حالة_الغرف_والأسعار!$A$8:$D$60, 3, FALSE), "")) | I14: =IF(AND(G14<>"", H14<>""), H14-G14, "") | J14: =IF(B14="","", IFERROR(VLOOKUP(B14, حالة_الغرف_والأسعار!$A$8:$D$60, 4, FALSE), 0)) | K14: =IF(AND(I14>0, J14>0), I14*J14, 0) -> #VALUE! | L14: 0 | M14: =IF(K14>0, K14-L14, 0) -> #VALUE!
A15: BK-012 | C15: =IF(B15="","", IFERROR(VLOOKUP(B15, حالة_الغرف_والأسعار!$A$8:$D$60, 2, FALSE), "")) | D15: =IF(B15="","", IFERROR(VLOOKUP(B15, حالة_الغرف_والأسعار!$A$8:$D$60, 3, FALSE), "")) | I15: =IF(AND(G15<>"", H15<>""), H15-G15, "") | J15: =IF(B15="","", IFERROR(VLOOKUP(B15, حالة_الغرف_والأسعار!$A$8:$D$60, 4, FALSE), 0)) | K15: =IF(AND(I15>0, J15>0), I15*J15, 0) -> #VALUE! | L15: 0 | M15: =IF(K15>0, K15-L15, 0) -> #VALUE!
... A63: BK-060 | C63: =IF(B63="","", IFERROR(VLOOKUP(B63, حالة_الغرف_والأسعار!$A$8:$D$60, 2, FALSE), "")) | D63: =IF(B63="","", IFERROR(VLOOKUP(B63, حالة_الغرف_والأسعار!$A$8:$D$60, 3, FALSE), "")) | I63: =IF(AND(G63<>"", H63<>""), H63-G63, "") | J63: =IF(B63="","", IFERROR(VLOOKUP(B63, حالة_الغرف_والأسعار!$A$8:$D$60, 4, FALSE), 0)) | K63: =IF(AND(I63>0, J63>0), I63*J63, 0) -> #VALUE! | L63: 0 | M63: =IF(K63>0, K63-L63, 0) -> #VALUE!
A64: إجمالي الحسابات والمبالغ للحجوزات المسجلة: | K64: =SUM(K4:K63) -> #VALUE! | L64: =SUM(L4:L63) -> 0 | M64: =SUM(M4:M63) -> #VALUE! | N64: مطابق تلقائياً

Sheet دليل_الأنواع_والأسعار
A1: 🏷️ قائمة تصنيف أنواع الغرف والأسعار المعتمدة بالفندق
A3: م | B3: نوع الغرفة | C3: سعة الأفراد | D3: مواصفات الأسرّة | E3: سعر الليلة المقترح (ج.م) | F3: ملاحظات وتجهيزات
A4: 1 | B4: سنجل بلكونة (Single) | C4: 1 فرد | D4: 1 سرير سنجل | E4: 900 - 1,000 ج.م | F4: بلكونة خارجية مطلة
A5: 2 | B5: دابل قياسي (Double) | C5: 2 فرد | D5: 1 سرير دابل | E5: 1,200 - 1,350 ج.م | F5: تكييف + شاشة + حمام خاص
A6: 3 | B6: دابل بلكونة (Double Balcony) | C6: 2 فرد | D6: 1 سرير دابل | E6: 1,300 - 1,400 ج.م | F6: بلكونة خاصة وتراس
A7: 4 | B7: سرير كينج فاخر (King Room) | C7: 2 فرد | D7: 1 سرير كينج كبير | E7: 1,400 - 1,900 ج.م | F7: مساحة واسعة + جلسة خاصة
A8: 5 | B8: ترابل عائلي (Triple) | C8: 3 أفراد | D8: 3 أسرّة فردية | E8: 1,800 - 1,900 ج.م | F8: مثالية للعائلات والمجموعات
A9: 6 | B9: سويت عائلي فاخر (Suite) | C9: 3-4 أفراد | D9: 1 كينج + صالة جلوس | E9: 2,500 ج.م | F9: أعلى فئة مع صالة ضيافة
