Workbook

Sheet تقييم يومي - الاستقبال
A1: 📋 شيت التقييم اليومي للـ KPIs — قسم الاستقبال والمكاتب الأمامية
A3: كود الموظف | B3: اسم الموظف | C3: الوظيفة | D3: يوم 1 | E3: يوم 2 | F3: يوم 3 | G3: يوم 4 | H3: يوم 5 | I3: يوم 6 | J3: يوم 7 | K3: يوم 8 | L3: يوم 9 | M3: يوم 10 | N3: يوم 11 | O3: يوم 12 | P3: يوم 13 | Q3: يوم 14 | R3: يوم 15 | S3: يوم 16 | T3: يوم 17 | U3: يوم 18 | V3: يوم 19 | W3: يوم 20 | X3: يوم 21 | Y3: يوم 22 | Z3: يوم 23 | AA3: يوم 24 | AB3: يوم 25 | AC3: يوم 26 | AD3: يوم 27 | AE3: يوم 28 | AF3: يوم 29 | AG3: يوم 30 | AH3: إجمالي الدرجات (من 150) | AI3: النسبة الشهرية % (من 100)
A4: EMP-101 | B4: أحمد محمود علي | C4: مشرف استقبال | D4: 5 | E4: 5 | F4: 5 | G4: 5 | H4: 5 | I4: 5 | J4: 5 | K4: 5 | L4: 5 | M4: 5 | N4: 5 | O4: 5 | P4: 5 | Q4: 5 | R4: 5 | S4: 5 | T4: 5 | U4: 5 | V4: 5 | W4: 5 | X4: 5 | Y4: 5 | Z4: 5 | AA4: 5 | AB4: 5 | AC4: 5 | AD4: 5 | AE4: 5 | AF4: 5 | AG4: 5 | AH4: =SUM(D4:AG4) | AI4: =ROUND((AH4/150)*100, 0)
A5: EMP-102 | B5: محمد حسن إبراهيم | C5: موظف استقبال نهار | D5: 5 | E5: 5 | F5: 5 | G5: 5 | H5: 4 | I5: 5 | J5: 5 | K5: 5 | L5: 5 | M5: 0 | N5: 5 | O5: 5 | P5: 5 | Q5: 5 | R5: 4 | S5: 5 | T5: 5 | U5: 5 | V5: 5 | W5: 4 | X5: 5 | Y5: 5 | Z5: 5 | AA5: 5 | AB5: 4 | AC5: 5 | AD5: 5 | AE5: 5 | AF5: 5 | AG5: 4 | AH5: =SUM(D5:AG5) | AI5: =ROUND((AH5/150)*100, 0)
A6: EMP-103 | B6: عمر خالد فوزي | C6: موظف استقبال ليل | D6: 5 | E6: 5 | F6: 5 | G6: 5 | H6: 5 | I6: 5 | J6: 5 | K6: 5 | L6: 5 | M6: 5 | N6: 5 | O6: 5 | P6: 5 | Q6: 5 | R6: 5 | S6: 5 | T6: 5 | U6: 5 | V6: 5 | W6: 5 | X6: 5 | Y6: 5 | Z6: 5 | AA6: 5 | AB6: 5 | AC6: 5 | AD6: 5 | AE6: 5 | AF6: 5 | AG6: 5 | AH6: =SUM(D6:AG6) | AI6: =ROUND((AH6/150)*100, 0)
A7: EMP-104 | B7: نور الدين طارق | C7: موظف استقبال | D7: 5 | E7: 5 | F7: 5 | G7: 5 | H7: 4 | I7: 5 | J7: 3 | K7: 5 | L7: 5 | M7: 4 | N7: 5 | O7: 5 | P7: 5 | Q7: 3 | R7: 4 | S7: 5 | T7: 5 | U7: 5 | V7: 5 | W7: 4 | X7: 3 | Y7: 5 | Z7: 5 | AA7: 5 | AB7: 4 | AC7: 5 | AD7: 5 | AE7: 3 | AF7: 5 | AG7: 4 | AH7: =SUM(D7:AG7) | AI7: =ROUND((AH7/150)*100, 0)
A8: EMP-105 | B8: مريم عادل القاضي | C8: مأمور علاقات نزلاء | D8: 5 | E8: 5 | F8: 5 | G8: 5 | H8: 5 | I8: 5 | J8: 5 | K8: 5 | L8: 5 | M8: 5 | N8: 5 | O8: 5 | P8: 5 | Q8: 5 | R8: 5 | S8: 5 | T8: 5 | U8: 5 | V8: 5 | W8: 5 | X8: 5 | Y8: 5 | Z8: 5 | AA8: 5 | AB8: 5 | AC8: 5 | AD8: 5 | AE8: 5 | AF8: 5 | AG8: 5 | AH8: =SUM(D8:AG8) | AI8: =ROUND((AH8/150)*100, 0)
A9: EMP-106 | B9: مصطفى كمال الدين | C9: مساعد استقبال | D9: 5 | E9: 5 | F9: 5 | G9: 5 | H9: 4 | I9: 5 | J9: 5 | K9: 5 | L9: 5 | M9: 0 | N9: 5 | O9: 5 | P9: 5 | Q9: 5 | R9: 4 | S9: 5 | T9: 5 | U9: 5 | V9: 5 | W9: 4 | X9: 5 | Y9: 5 | Z9: 5 | AA9: 5 | AB9: 4 | AC9: 5 | AD9: 5 | AE9: 5 | AF9: 5 | AG9: 4 | AH9: =SUM(D9:AG9) | AI9: =ROUND((AH9/150)*100, 0)

Sheet تقييم يومي - الإشراف والغرف
A1: 🧹 شيت التقييم اليومي للـ KPIs — قسم الإشراف الداخلي والغرف
A3: كود الموظف | B3: اسم الموظف | C3: الوظيفة | D3: يوم 1 | E3: يوم 2 | F3: يوم 3 | G3: يوم 4 | H3: يوم 5 | I3: يوم 6 | J3: يوم 7 | K3: يوم 8 | L3: يوم 9 | M3: يوم 10 | N3: يوم 11 | O3: يوم 12 | P3: يوم 13 | Q3: يوم 14 | R3: يوم 15 | S3: يوم 16 | T3: يوم 17 | U3: يوم 18 | V3: يوم 19 | W3: يوم 20 | X3: يوم 21 | Y3: يوم 22 | Z3: يوم 23 | AA3: يوم 24 | AB3: يوم 25 | AC3: يوم 26 | AD3: يوم 27 | AE3: يوم 28 | AF3: يوم 29 | AG3: يوم 30 | AH3: إجمالي الدرجات (من 150) | AI3: النسبة الشهرية % (من 100)
A4: EMP-107 | B4: أميرة عبد العزيز | C4: مشرفة الإشراف الداخلي | D4: 5 | E4: 5 | F4: 5 | G4: 5 | H4: 5 | I4: 5 | J4: 5 | K4: 5 | L4: 5 | M4: 5 | N4: 5 | O4: 5 | P4: 5 | Q4: 5 | R4: 5 | S4: 5 | T4: 5 | U4: 5 | V4: 5 | W4: 5 | X4: 5 | Y4: 5 | Z4: 5 | AA4: 5 | AB4: 5 | AC4: 5 | AD4: 5 | AE4: 5 | AF4: 5 | AG4: 5 | AH4: =SUM(D4:AG4) | AI4: =ROUND((AH4/150)*100, 0)
A5: EMP-108 | B5: سيد مصطفى طه | C5: عامل غرف أول | D5: 5 | E5: 5 | F5: 5 | G5: 5 | H5: 4 | I5: 5 | J5: 5 | K5: 5 | L5: 5 | M5: 0 | N5: 5 | O5: 5 | P5: 5 | Q5: 5 | R5: 4 | S5: 5 | T5: 5 | U5: 5 | V5: 5 | W5: 4 | X5: 5 | Y5: 5 | Z5: 5 | AA5: 5 | AB5: 4 | AC5: 5 | AD5: 5 | AE5: 5 | AF5: 5 | AG5: 4 | AH5: =SUM(D5:AG5) | AI5: =ROUND((AH5/150)*100, 0)
A6: EMP-109 | B6: حسين علي كمال | C6: عامل تنظيف غرف | D6: 5 | E6: 5 | F6: 5 | G6: 5 | H6: 5 | I6: 5 | J6: 3 | K6: 5 | L6: 5 | M6: 0 | N6: 5 | O6: 5 | P6: 5 | Q6: 3 | R6: 5 | S6: 5 | T6: 5 | U6: 5 | V6: 5 | W6: 0 | X6: 3 | Y6: 5 | Z6: 5 | AA6: 5 | AB6: 5 | AC6: 5 | AD6: 5 | AE6: 3 | AF6: 5 | AG6: 5 | AH6: =SUM(D6:AG6) | AI6: =ROUND((AH6/150)*100, 0)
A7: EMP-110 | B7: إبراهيم خليفة | C7: عامل تنظيف غرف | D7: 5 | E7: 5 | F7: 5 | G7: 5 | H7: 4 | I7: 5 | J7: 5 | K7: 5 | L7: 5 | M7: 4 | N7: 5 | O7: 5 | P7: 5 | Q7: 5 | R7: 4 | S7: 5 | T7: 5 | U7: 5 | V7: 5 | W7: 4 | X7: 5 | Y7: 5 | Z7: 5 | AA7: 5 | AB7: 4 | AC7: 5 | AD7: 5 | AE7: 5 | AF7: 5 | AG7: 4 | AH7: =SUM(D7:AG7) | AI7: =ROUND((AH7/150)*100, 0)
A8: EMP-111 | B8: رمضان فتحي | C8: عامل تنظيف غرف | D8: 5 | E8: 5 | F8: 5 | G8: 5 | H8: 5 | I8: 5 | J8: 5 | K8: 5 | L8: 5 | M8: 5 | N8: 5 | O8: 5 | P8: 5 | Q8: 5 | R8: 5 | S8: 5 | T8: 5 | U8: 5 | V8: 5 | W8: 5 | X8: 5 | Y8: 5 | Z8: 5 | AA8: 5 | AB8: 5 | AC8: 5 | AD8: 5 | AE8: 5 | AF8: 5 | AG8: 5 | AH8: =SUM(D8:AG8) | AI8: =ROUND((AH8/150)*100, 0)
A9: EMP-112 | B9: عاطف منصور | C9: عامل تنظيف غرف | D9: 5 | E9: 5 | F9: 5 | G9: 5 | H9: 4 | I9: 5 | J9: 3 | K9: 5 | L9: 5 | M9: 0 | N9: 5 | O9: 5 | P9: 5 | Q9: 3 | R9: 4 | S9: 5 | T9: 5 | U9: 5 | V9: 5 | W9: 0 | X9: 3 | Y9: 5 | Z9: 5 | AA9: 5 | AB9: 4 | AC9: 5 | AD9: 5 | AE9: 3 | AF9: 5 | AG9: 0 | AH9: =SUM(D9:AG9) | AI9: =ROUND((AH9/150)*100, 0)
A10: EMP-113 | B10: حسن شحاتة | C10: عامل غسيل وكتانيات | D10: 5 | E10: 5 | F10: 5 | G10: 5 | H10: 5 | I10: 5 | J10: 5 | K10: 5 | L10: 5 | M10: 5 | N10: 5 | O10: 5 | P10: 5 | Q10: 5 | R10: 5 | S10: 5 | T10: 5 | U10: 5 | V10: 5 | W10: 5 | X10: 5 | Y10: 5 | Z10: 5 | AA10: 5 | AB10: 5 | AC10: 5 | AD10: 5 | AE10: 5 | AF10: 5 | AG10: 5 | AH10: =SUM(D10:AG10) | AI10: =ROUND((AH10/150)*100, 0)
A11: EMP-114 | B11: زينب أحمد السيد | C11: عامله نظافة أماكن عامة | D11: 5 | E11: 5 | F11: 5 | G11: 5 | H11: 4 | I11: 5 | J11: 5 | K11: 5 | L11: 5 | M11: 4 | N11: 5 | O11: 5 | P11: 5 | Q11: 5 | R11: 4 | S11: 5 | T11: 5 | U11: 5 | V11: 5 | W11: 4 | X11: 5 | Y11: 5 | Z11: 5 | AA11: 5 | AB11: 4 | AC11: 5 | AD11: 5 | AE11: 5 | AF11: 5 | AG11: 4 | AH11: =SUM(D11:AG11) | AI11: =ROUND((AH11/150)*100, 0)
A12: EMP-115 | B12: فاطمة محمود | C12: عامله نظافة أماكن عامة | D12: 5 | E12: 5 | F12: 5 | G12: 5 | H12: 5 | I12: 5 | J12: 5 | K12: 5 | L12: 5 | M12: 0 | N12: 5 | O12: 5 | P12: 5 | Q12: 5 | R12: 5 | S12: 5 | T12: 5 | U12: 5 | V12: 5 | W12: 5 | X12: 5 | Y12: 5 | Z12: 5 | AA12: 5 | AB12: 5 | AC12: 5 | AD12: 5 | AE12: 5 | AF12: 5 | AG12: 5 | AH12: =SUM(D12:AG12) | AI12: =ROUND((AH12/150)*100, 0)
A13: EMP-116 | B13: محمود جابر | C13: عامل نظافة ممرات | D13: 5 | E13: 5 | F13: 5 | G13: 5 | H13: 4 | I13: 5 | J13: 5 | K13: 5 | L13: 5 | M13: 0 | N13: 5 | O13: 5 | P13: 5 | Q13: 5 | R13: 4 | S13: 5 | T13: 5 | U13: 5 | V13: 5 | W13: 0 | X13: 5 | Y13: 5 | Z13: 5 | AA13: 5 | AB13: 4 | AC13: 5 | AD13: 5 | AE13: 5 | AF13: 5 | AG13: 4 | AH13: =SUM(D13:AG13) | AI13: =ROUND((AH13/150)*100, 0)
A14: EMP-117 | B14: علي عبد السميع | C14: مساعد إشراف داخلي | D14: 5 | E14: 5 | F14: 5 | G14: 5 | H14: 5 | I14: 5 | J14: 5 | K14: 5 | L14: 5 | M14: 5 | N14: 5 | O14: 5 | P14: 5 | Q14: 5 | R14: 5 | S14: 5 | T14: 5 | U14: 5 | V14: 5 | W14: 5 | X14: 5 | Y14: 5 | Z14: 5 | AA14: 5 | AB14: 5 | AC14: 5 | AD14: 5 | AE14: 5 | AF14: 5 | AG14: 5 | AH14: =SUM(D14:AG14) | AI14: =ROUND((AH14/150)*100, 0)
A15: EMP-118 | B15: فتحي رجب | C15: عامل نظافة وأماكن عامة | D15: 5 | E15: 5 | F15: 5 | G15: 5 | H15: 4 | I15: 5 | J15: 3 | K15: 5 | L15: 5 | M15: 4 | N15: 5 | O15: 5 | P15: 5 | Q15: 3 | R15: 4 | S15: 5 | T15: 5 | U15: 5 | V15: 5 | W15: 4 | X15: 3 | Y15: 5 | Z15: 5 | AA15: 5 | AB15: 4 | AC15: 5 | AD15: 5 | AE15: 3 | AF15: 5 | AG15: 4 | AH15: =SUM(D15:AG15) | AI15: =ROUND((AH15/150)*100, 0)

Sheet تقييم يومي - المطعم والخدمة
A1: 🍽️ شيت التقييم اليومي للـ KPIs — قسم المطعم والكافيه
A3: كود الموظف | B3: اسم الموظف | C3: الوظيفة | D3: يوم 1 | E3: يوم 2 | F3: يوم 3 | G3: يوم 4 | H3: يوم 5 | I3: يوم 6 | J3: يوم 7 | K3: يوم 8 | L3: يوم 9 | M3: يوم 10 | N3: يوم 11 | O3: يوم 12 | P3: يوم 13 | Q3: يوم 14 | R3: يوم 15 | S3: يوم 16 | T3: يوم 17 | U3: يوم 18 | V3: يوم 19 | W3: يوم 20 | X3: يوم 21 | Y3: يوم 22 | Z3: يوم 23 | AA3: يوم 24 | AB3: يوم 25 | AC3: يوم 26 | AD3: يوم 27 | AE3: يوم 28 | AF3: يوم 29 | AG3: يوم 30 | AH3: إجمالي الدرجات (من 150) | AI3: النسبة الشهرية % (من 100)
A4: EMP-119 | B4: خالد رجب سلامة | C4: مدير مطعم وكافيه | D4: 5 | E4: 5 | F4: 5 | G4: 5 | H4: 5 | I4: 5 | J4: 5 | K4: 5 | L4: 5 | M4: 5 | N4: 5 | O4: 5 | P4: 5 | Q4: 5 | R4: 5 | S4: 5 | T4: 5 | U4: 5 | V4: 5 | W4: 5 | X4: 5 | Y4: 5 | Z4: 5 | AA4: 5 | AB4: 5 | AC4: 5 | AD4: 5 | AE4: 5 | AF4: 5 | AG4: 5 | AH4: =SUM(D4:AG4) | AI4: =ROUND((AH4/150)*100, 0)
A5: EMP-120 | B5: طارق صلاح الدين | C5: مشرف أغذية ومشروبات | D5: 5 | E5: 5 | F5: 5 | G5: 5 | H5: 4 | I5: 5 | J5: 5 | K5: 5 | L5: 5 | M5: 4 | N5: 5 | O5: 5 | P5: 5 | Q5: 5 | R5: 4 | S5: 5 | T5: 5 | U5: 5 | V5: 5 | W5: 4 | X5: 5 | Y5: 5 | Z5: 5 | AA5: 5 | AB5: 4 | AC5: 5 | AD5: 5 | AE5: 5 | AF5: 5 | AG5: 4 | AH5: =SUM(D5:AG5) | AI5: =ROUND((AH5/150)*100, 0)
A6: EMP-121 | B6: إسلام يوسف أحمد | C6: ويتر كافيه رئيسي | D6: 5 | E6: 5 | F6: 5 | G6: 5 | H6: 5 | I6: 5 | J6: 5 | K6: 5 | L6: 5 | M6: 5 | N6: 5 | O6: 5 | P6: 5 | Q6: 5 | R6: 5 | S6: 5 | T6: 5 | U6: 5 | V6: 5 | W6: 5 | X6: 5 | Y6: 5 | Z6: 5 | AA6: 5 | AB6: 5 | AC6: 5 | AD6: 5 | AE6: 5 | AF6: 5 | AG6: 5 | AH6: =SUM(D6:AG6) | AI6: =ROUND((AH6/150)*100, 0)
A7: EMP-122 | B7: مصطفى ربيع جابر | C7: ويتر كافيه | D7: 5 | E7: 5 | F7: 5 | G7: 5 | H7: 4 | I7: 5 | J7: 3 | K7: 5 | L7: 5 | M7: 0 | N7: 5 | O7: 5 | P7: 5 | Q7: 3 | R7: 4 | S7: 5 | T7: 5 | U7: 5 | V7: 5 | W7: 0 | X7: 3 | Y7: 5 | Z7: 5 | AA7: 5 | AB7: 4 | AC7: 5 | AD7: 5 | AE7: 3 | AF7: 5 | AG7: 4 | AH7: =SUM(D7:AG7) | AI7: =ROUND((AH7/150)*100, 0)
A8: EMP-123 | B8: وليد صبري | C8: ويتر مطعم إفطار | D8: 5 | E8: 5 | F8: 5 | G8: 5 | H8: 5 | I8: 5 | J8: 5 | K8: 5 | L8: 5 | M8: 5 | N8: 5 | O8: 5 | P8: 5 | Q8: 5 | R8: 5 | S8: 5 | T8: 5 | U8: 5 | V8: 5 | W8: 5 | X8: 5 | Y8: 5 | Z8: 5 | AA8: 5 | AB8: 5 | AC8: 5 | AD8: 5 | AE8: 5 | AF8: 5 | AG8: 5 | AH8: =SUM(D8:AG8) | AI8: =ROUND((AH8/150)*100, 0)
A9: EMP-124 | B9: كريم شعبان | C9: باريستا بائع كافيه | D9: 5 | E9: 5 | F9: 5 | G9: 5 | H9: 4 | I9: 5 | J9: 5 | K9: 5 | L9: 5 | M9: 4 | N9: 5 | O9: 5 | P9: 5 | Q9: 5 | R9: 4 | S9: 5 | T9: 5 | U9: 5 | V9: 5 | W9: 4 | X9: 5 | Y9: 5 | Z9: 5 | AA9: 5 | AB9: 4 | AC9: 5 | AD9: 5 | AE9: 5 | AF9: 5 | AG9: 4 | AH9: =SUM(D9:AG9) | AI9: =ROUND((AH9/150)*100, 0)
A10: EMP-125 | B10: سامح فاروق | C10: مساعد ويتر تجهيز | D10: 5 | E10: 5 | F10: 5 | G10: 5 | H10: 5 | I10: 5 | J10: 5 | K10: 5 | L10: 5 | M10: 0 | N10: 5 | O10: 5 | P10: 5 | Q10: 5 | R10: 5 | S10: 5 | T10: 5 | U10: 5 | V10: 5 | W10: 5 | X10: 5 | Y10: 5 | Z10: 5 | AA10: 5 | AB10: 5 | AC10: 5 | AD10: 5 | AE10: 5 | AF10: 5 | AG10: 5 | AH10: =SUM(D10:AG10) | AI10: =ROUND((AH10/150)*100, 0)
A11: EMP-126 | B11: أحمد بدوي | C11: عامل غسيل أطباق وتجهيز | D11: 5 | E11: 5 | F11: 5 | G11: 5 | H11: 4 | I11: 5 | J11: 5 | K11: 5 | L11: 5 | M11: 4 | N11: 5 | O11: 5 | P11: 5 | Q11: 5 | R11: 4 | S11: 5 | T11: 5 | U11: 5 | V11: 5 | W11: 4 | X11: 5 | Y11: 5 | Z11: 5 | AA11: 5 | AB11: 4 | AC11: 5 | AD11: 5 | AE11: 5 | AF11: 5 | AG11: 4 | AH11: =SUM(D11:AG11) | AI11: =ROUND((AH11/150)*100, 0)

Sheet تقييم يومي - الصيانة والخدمات
A1: 🔧 شيت التقييم اليومي للـ KPIs — قسم الصيانة والخدمات المعاونة
A3: كود الموظف | B3: اسم الموظف | C3: الوظيفة | D3: يوم 1 | E3: يوم 2 | F3: يوم 3 | G3: يوم 4 | H3: يوم 5 | I3: يوم 6 | J3: يوم 7 | K3: يوم 8 | L3: يوم 9 | M3: يوم 10 | N3: يوم 11 | O3: يوم 12 | P3: يوم 13 | Q3: يوم 14 | R3: يوم 15 | S3: يوم 16 | T3: يوم 17 | U3: يوم 18 | V3: يوم 19 | W3: يوم 20 | X3: يوم 21 | Y3: يوم 22 | Z3: يوم 23 | AA3: يوم 24 | AB3: يوم 25 | AC3: يوم 26 | AD3: يوم 27 | AE3: يوم 28 | AF3: يوم 29 | AG3: يوم 30 | AH3: إجمالي الدرجات (من 150) | AI3: النسبة الشهرية % (من 100)
A4: EMP-127 | B4: المهندس تامر فؤاد | C4: مشرف صيانة الفندق | D4: 5 | E4: 5 | F4: 5 | G4: 5 | H4: 5 | I4: 5 | J4: 5 | K4: 5 | L4: 5 | M4: 5 | N4: 5 | O4: 5 | P4: 5 | Q4: 5 | R4: 5 | S4: 5 | T4: 5 | U4: 5 | V4: 5 | W4: 5 | X4: 5 | Y4: 5 | Z4: 5 | AA4: 5 | AB4: 5 | AC4: 5 | AD4: 5 | AE4: 5 | AF4: 5 | AG4: 5 | AH4: =SUM(D4:AG4) | AI4: =ROUND((AH4/150)*100, 0)
A5: EMP-128 | B5: جمال عبد المعطي | C5: فني كهرباء وسباكة | D5: 5 | E5: 5 | F5: 5 | G5: 5 | H5: 4 | I5: 5 | J5: 5 | K5: 5 | L5: 5 | M5: 4 | N5: 5 | O5: 5 | P5: 5 | Q5: 5 | R5: 4 | S5: 5 | T5: 5 | U5: 5 | V5: 5 | W5: 4 | X5: 5 | Y5: 5 | Z5: 5 | AA5: 5 | AB5: 4 | AC5: 5 | AD5: 5 | AE5: 5 | AF5: 5 | AG5: 4 | AH5: =SUM(D5:AG5) | AI5: =ROUND((AH5/150)*100, 0)
A6: EMP-129 | B6: رفعت عبد الصمد | C6: سائق ومسؤول خدمات | D6: 5 | E6: 5 | F6: 5 | G6: 5 | H6: 5 | I6: 5 | J6: 5 | K6: 5 | L6: 5 | M6: 0 | N6: 5 | O6: 5 | P6: 5 | Q6: 5 | R6: 5 | S6: 5 | T6: 5 | U6: 5 | V6: 5 | W6: 5 | X6: 5 | Y6: 5 | Z6: 5 | AA6: 5 | AB6: 5 | AC6: 5 | AD6: 5 | AE6: 5 | AF6: 5 | AG6: 5 | AH6: =SUM(D6:AG6) | AI6: =ROUND((AH6/150)*100, 0)
A7: EMP-130 | B7: صبحي عبد العال | C7: مسؤول أمن وحراسة | D7: 5 | E7: 5 | F7: 5 | G7: 5 | H7: 4 | I7: 5 | J7: 5 | K7: 5 | L7: 5 | M7: 4 | N7: 5 | O7: 5 | P7: 5 | Q7: 5 | R7: 4 | S7: 5 | T7: 5 | U7: 5 | V7: 5 | W7: 4 | X7: 5 | Y7: 5 | Z7: 5 | AA7: 5 | AB7: 4 | AC7: 5 | AD7: 5 | AE7: 5 | AF7: 5 | AG7: 4 | AH7: =SUM(D7:AG7) | AI7: =ROUND((AH7/150)*100, 0)

Sheet استمارة تقييم يومية مطبوعة
A1: 🏨 فندق هينو الأهرامات — استمارة التقييم ورصد درجات الـ KPIs اليومية لموظفي الفندق (مطبوعة)
A2: التاريخ: ..... / ..... / 2026م | D2: الوردية: [ ] صباحية [ ] مسائية [ ] ليلية | H2: اسم المشرف المقيم: .......................................
A4: كود الموظف | B4: اسم الموظف | C4: الوظيفة / القسم | D4: ⏱️ الحضور بالميعاد (1) | E4: 🧼 النظافة والمظهر (1) | F4: 👔 الزي الرسمي Uniform (1) | G4: 😊 الابتسامة واللباقة (1) | H4: 🎯 إتقان المهام (1) | I4: مجموع اليوم (من 5) | J4: ملاحظات المشرف والتفريغ
A6: 📌 قسم الاستقبال والمكاتب الأمامية
A7: EMP-101 | B7: أحمد محمود علي | C7: مشرف استقبال | I7: =SUM(D7:H7)
A8: EMP-102 | B8: محمد حسن إبراهيم | C8: موظف استقبال نهار | I8: =SUM(D8:H8)
A9: EMP-103 | B9: عمر خالد فوزي | C9: موظف استقبال ليل | I9: =SUM(D9:H9)
A10: EMP-104 | B10: نور الدين طارق | C10: موظف استقبال | I10: =SUM(D10:H10)
A11: EMP-105 | B11: مريم عادل القاضي | C11: مأمور علاقات نزلاء | I11: =SUM(D11:H11)
A12: EMP-106 | B12: مصطفى كمال الدين | C12: مساعد استقبال | I12: =SUM(D12:H12)
A13: 📌 قسم الإشراف الداخلي والغرف
A14: EMP-107 | B14: أميرة عبد العزيز | C14: مشرفة الإشراف الداخلي | I14: =SUM(D14:H14)
A15: EMP-108 | B15: سيد مصطفى طه | C15: عامل غرف أول | I15: =SUM(D15:H15)
A16: EMP-109 | B16: حسين علي كمال | C16: عامل تنظيف غرف | I16: =SUM(D16:H16)
A17: EMP-110 | B17: إبراهيم خليفة | C17: عامل تنظيف غرف | I17: =SUM(D17:H17)
A18: EMP-111 | B18: رمضان فتحي | C18: عامل تنظيف غرف | I18: =SUM(D18:H18)
A19: EMP-112 | B19: عاطف منصور | C19: عامل تنظيف غرف | I19: =SUM(D19:H19)
A20: EMP-113 | B20: حسن شحاتة | C20: عامل غسيل وكتانيات | I20: =SUM(D20:H20)
A21: EMP-114 | B21: زينب أحمد السيد | C21: عامله نظافة أماكن عامة | I21: =SUM(D21:H21)
A22: EMP-115 | B22: فاطمة محمود | C22: عامله نظافة أماكن عامة | I22: =SUM(D22:H22)
A23: EMP-116 | B23: محمود جابر | C23: عامل نظافة ممرات | I23: =SUM(D23:H23)
A24: EMP-117 | B24: علي عبد السميع | C24: مساعد إشراف داخلي | I24: =SUM(D24:H24)
A25: EMP-118 | B25: فتحي رجب | C25: عامل نظافة وأماكن عامة | I25: =SUM(D25:H25)
A26: 📌 قسم المطعم والكافيه والخدمة
A27: EMP-119 | B27: خالد رجب سلامة | C27: مدير مطعم وكافيه | I27: =SUM(D27:H27)
A28: EMP-120 | B28: طارق صلاح الدين | C28: مشرف أغذية ومشروبات | I28: =SUM(D28:H28)
A29: EMP-121 | B29: إسلام يوسف أحمد | C29: ويتر كافيه رئيسي | I29: =SUM(D29:H29)
A30: EMP-122 | B30: مصطفى ربيع جابر | C30: ويتر كافيه | I30: =SUM(D30:H30)
A31: EMP-123 | B31: وليد صبري | C31: ويتر مطعم إفطار | I31: =SUM(D31:H31)
A32: EMP-124 | B32: كريم شعبان | C32: باريستا بائع كافيه | I32: =SUM(D32:H32)
A33: EMP-125 | B33: سامح فاروق | C33: مساعد ويتر تجهيز | I33: =SUM(D33:H33)
A34: EMP-126 | B34: أحمد بدوي | C34: عامل غسيل أطباق وتجهيز | I34: =SUM(D34:H34)
A35: 📌 قسم الصيانة والخدمات المعاونة
A36: EMP-127 | B36: المهندس تامر فؤاد | C36: مشرف صيانة الفندق | I36: =SUM(D36:H36)
A37: EMP-128 | B37: جمال عبد المعطي | C37: فني كهرباء وسباكة | I37: =SUM(D37:H37)
A38: EMP-129 | B38: رفعت عبد الصمد | C38: سائق ومسؤول خدمات | I38: =SUM(D38:H38)
A39: EMP-130 | B39: صبحي عبد العال | C39: مسؤول أمن وحراسة | I39: =SUM(D39:H39)

Sheet كشف الرواتب والتقييم الشهري
A1: 🏨 فندق هينو الأهرامات — كشف الرواتب المالي الشهري المرتبط آلياً بتقييم الـ KPIs اليومي
A3: كود الموظف | B3: اسم الموظف | C3: القسم / الوظيفة | D3: الراتب الشامل | E3: الراتب الأساسي (75%) | F3: حافز الـ KPI المتاح (25%) | G3: التقييم الشهري (من 100) | H3: نسبة استحقاق الحافز | I3: حافز الأداء المستحق | J3: أيام الغياب | K3: خصم الغياب (جـ) | L3: أيام الجزاءات | M3: خصم الجزاءات (جـ) | N3: خصم السلف | O3: إجمالي الخصومات | P3: صافي الراتب المدفوع | Q3: التوقيع بالاستلام
A4: EMP-101 | B4: أحمد محمود علي | C4: مشرف استقبال | D4: 7500 | E4: =D4*0.75 | F4: =D4*0.25 | G4: ='تقييم يومي - الاستقبال'!AI4 | H4: =IF(G4>=90,1,IF(G4>=80,0.75,IF(G4>=70,0.5,0))) | I4: =F4*H4 | J4: 0 | K4: =ROUND((E4/30)*J4, 2) | L4: 0 | M4: =ROUND((E4/30)*L4, 2) | N4: 500 | O4: =K4+M4+N4 | P4: =E4+I4-O4
A5: EMP-102 | B5: محمد حسن إبراهيم | C5: موظف استقبال نهار | D5: 5800 | E5: =D5*0.75 | F5: =D5*0.25 | G5: ='تقييم يومي - الاستقبال'!AI5 | H5: =IF(G5>=90,1,IF(G5>=80,0.75,IF(G5>=70,0.5,0))) | I5: =F5*H5 | J5: 1 | K5: =ROUND((E5/30)*J5, 2) | L5: 0 | M5: =ROUND((E5/30)*L5, 2) | N5: 0 | O5: =K5+M5+N5 | P5: =E5+I5-O5
A6: EMP-103 | B6: عمر خالد فوزي | C6: موظف استقبال ليل | D6: 5800 | E6: =D6*0.75 | F6: =D6*0.25 | G6: ='تقييم يومي - الاستقبال'!AI6 | H6: =IF(G6>=90,1,IF(G6>=80,0.75,IF(G6>=70,0.5,0))) | I6: =F6*H6 | J6: 0 | K6: =ROUND((E6/30)*J6, 2) | L6: 0 | M6: =ROUND((E6/30)*L6, 2) | N6: 300 | O6: =K6+M6+N6 | P6: =E6+I6-O6
A7: EMP-104 | B7: نور الدين طارق | C7: موظف استقبال | D7: 5500 | E7: =D7*0.75 | F7: =D7*0.25 | G7: ='تقييم يومي - الاستقبال'!AI7 | H7: =IF(G7>=90,1,IF(G7>=80,0.75,IF(G7>=70,0.5,0))) | I7: =F7*H7 | J7: 0 | K7: =ROUND((E7/30)*J7, 2) | L7: 1 | M7: =ROUND((E7/30)*L7, 2) | N7: 0 | O7: =K7+M7+N7 | P7: =E7+I7-O7
A8: EMP-105 | B8: مريم عادل القاضي | C8: مأمور علاقات نزلاء | D8: 6000 | E8: =D8*0.75 | F8: =D8*0.25 | G8: ='تقييم يومي - الاستقبال'!AI8 | H8: =IF(G8>=90,1,IF(G8>=80,0.75,IF(G8>=70,0.5,0))) | I8: =F8*H8 | J8: 0 | K8: =ROUND((E8/30)*J8, 2) | L8: 0 | M8: =ROUND((E8/30)*L8, 2) | N8: 200 | O8: =K8+M8+N8 | P8: =E8+I8-O8
A9: EMP-106 | B9: مصطفى كمال الدين | C9: مساعد استقبال | D9: 4800 | E9: =D9*0.75 | F9: =D9*0.25 | G9: ='تقييم يومي - الاستقبال'!AI9 | H9: =IF(G9>=90,1,IF(G9>=80,0.75,IF(G9>=70,0.5,0))) | I9: =F9*H9 | J9: 1 | K9: =ROUND((E9/30)*J9, 2) | L9: 0 | M9: =ROUND((E9/30)*L9, 2) | N9: 150 | O9: =K9+M9+N9 | P9: =E9+I9-O9
A10: EMP-107 | B10: أميرة عبد العزيز | C10: مشرفة الإشراف الداخلي | D10: 6500 | E10: =D10*0.75 | F10: =D10*0.25 | G10: ='تقييم يومي - الإشراف والغرف'!AI4 | H10: =IF(G10>=90,1,IF(G10>=80,0.75,IF(G10>=70,0.5,0))) | I10: =F10*H10 | J10: 0 | K10: =ROUND((E10/30)*J10, 2) | L10: 0 | M10: =ROUND((E10/30)*L10, 2) | N10: 400 | O10: =K10+M10+N10 | P10: =E10+I10-O10
A11: EMP-108 | B11: سيد مصطفى طه | C11: عامل غرف أول | D11: 4600 | E11: =D11*0.75 | F11: =D11*0.25 | G11: ='تقييم يومي - الإشراف والغرف'!AI5 | H11: =IF(G11>=90,1,IF(G11>=80,0.75,IF(G11>=70,0.5,0))) | I11: =F11*H11 | J11: 1 | K11: =ROUND((E11/30)*J11, 2) | L11: 0 | M11: =ROUND((E11/30)*L11, 2) | N11: 200 | O11: =K11+M11+N11 | P11: =E11+I11-O11
A12: EMP-109 | B12: حسين علي كمال | C12: عامل تنظيف غرف | D12: 4400 | E12: =D12*0.75 | F12: =D12*0.25 | G12: ='تقييم يومي - الإشراف والغرف'!AI6 | H12: =IF(G12>=90,1,IF(G12>=80,0.75,IF(G12>=70,0.5,0))) | I12: =F12*H12 | J12: 2 | K12: =ROUND((E12/30)*J12, 2) | L12: 1 | M12: =ROUND((E12/30)*L12, 2) | N12: 0 | O12: =K12+M12+N12 | P12: =E12+I12-O12
A13: EMP-110 | B13: إبراهيم خليفة | C13: عامل تنظيف غرف | D13: 4400 | E13: =D13*0.75 | F13: =D13*0.25 | G13: ='تقييم يومي - الإشراف والغرف'!AI7 | H13: =IF(G13>=90,1,IF(G13>=80,0.75,IF(G13>=70,0.5,0))) | I13: =F13*H13 | J13: 0 | K13: =ROUND((E13/30)*J13, 2) | L13: 0 | M13: =ROUND((E13/30)*L13, 2) | N13: 100 | O13: =K13+M13+N13 | P13: =E13+I13-O13
A14: EMP-111 | B14: رمضان فتحي | C14: عامل تنظيف غرف | D14: 4400 | E14: =D14*0.75 | F14: =D14*0.25 | G14: ='تقييم يومي - الإشراف والغرف'!AI8 | H14: =IF(G14>=90,1,IF(G14>=80,0.75,IF(G14>=70,0.5,0))) | I14: =F14*H14 | J14: 0 | K14: =ROUND((E14/30)*J14, 2) | L14: 0 | M14: =ROUND((E14/30)*L14, 2) | N14: 0 | O14: =K14+M14+N14 | P14: =E14+I14-O14
A15: EMP-112 | B15: عاطف منصور | C15: عامل تنظيف غرف | D15: 4400 | E15: =D15*0.75 | F15: =D15*0.25 | G15: ='تقييم يومي - الإشراف والغرف'!AI9 | H15: =IF(G15>=90,1,IF(G15>=80,0.75,IF(G15>=70,0.5,0))) | I15: =F15*H15 | J15: 3 | K15: =ROUND((E15/30)*J15, 2) | L15: 2 | M15: =ROUND((E15/30)*L15, 2) | N15: 300 | O15: =K15+M15+N15 | P15: =E15+I15-O15
A16: EMP-113 | B16: حسن شحاتة | C16: عامل غسيل وكتانيات | D16: 4500 | E16: =D16*0.75 | F16: =D16*0.25 | G16: ='تقييم يومي - الإشراف والغرف'!AI10 | H16: =IF(G16>=90,1,IF(G16>=80,0.75,IF(G16>=70,0.5,0))) | I16: =F16*H16 | J16: 0 | K16: =ROUND((E16/30)*J16, 2) | L16: 0 | M16: =ROUND((E16/30)*L16, 2) | N16: 250 | O16: =K16+M16+N16 | P16: =E16+I16-O16
A17: EMP-114 | B17: زينب أحمد السيد | C17: عامله نظافة أماكن عامة | D17: 4200 | E17: =D17*0.75 | F17: =D17*0.25 | G17: ='تقييم يومي - الإشراف والغرف'!AI11 | H17: =IF(G17>=90,1,IF(G17>=80,0.75,IF(G17>=70,0.5,0))) | I17: =F17*H17 | J17: 0 | K17: =ROUND((E17/30)*J17, 2) | L17: 0 | M17: =ROUND((E17/30)*L17, 2) | N17: 0 | O17: =K17+M17+N17 | P17: =E17+I17-O17
A18: EMP-115 | B18: فاطمة محمود | C18: عامله نظافة أماكن عامة | D18: 4200 | E18: =D18*0.75 | F18: =D18*0.25 | G18: ='تقييم يومي - الإشراف والغرف'!AI12 | H18: =IF(G18>=90,1,IF(G18>=80,0.75,IF(G18>=70,0.5,0))) | I18: =F18*H18 | J18: 1 | K18: =ROUND((E18/30)*J18, 2) | L18: 0 | M18: =ROUND((E18/30)*L18, 2) | N18: 100 | O18: =K18+M18+N18 | P18: =E18+I18-O18
A19: EMP-116 | B19: محمود جابر | C19: عامل نظافة ممرات | D19: 4300 | E19: =D19*0.75 | F19: =D19*0.25 | G19: ='تقييم يومي - الإشراف والغرف'!AI13 | H19: =IF(G19>=90,1,IF(G19>=80,0.75,IF(G19>=70,0.5,0))) | I19: =F19*H19 | J19: 2 | K19: =ROUND((E19/30)*J19, 2) | L19: 0 | M19: =ROUND((E19/30)*L19, 2) | N19: 0 | O19: =K19+M19+N19 | P19: =E19+I19-O19
A20: EMP-117 | B20: علي عبد السميع | C20: مساعد إشراف داخلي | D20: 4300 | E20: =D20*0.75 | F20: =D20*0.25 | G20: ='تقييم يومي - الإشراف والغرف'!AI14 | H20: =IF(G20>=90,1,IF(G20>=80,0.75,IF(G20>=70,0.5,0))) | I20: =F20*H20 | J20: 0 | K20: =ROUND((E20/30)*J20, 2) | L20: 0 | M20: =ROUND((E20/30)*L20, 2) | N20: 150 | O20: =K20+M20+N20 | P20: =E20+I20-O20
A21: EMP-118 | B21: فتحي رجب | C21: عامل نظافة وأماكن عامة | D21: 4200 | E21: =D21*0.75 | F21: =D21*0.25 | G21: ='تقييم يومي - الإشراف والغرف'!AI15 | H21: =IF(G21>=90,1,IF(G21>=80,0.75,IF(G21>=70,0.5,0))) | I21: =F21*H21 | J21: 0 | K21: =ROUND((E21/30)*J21, 2) | L21: 1 | M21: =ROUND((E21/30)*L21, 2) | N21: 0 | O21: =K21+M21+N21 | P21: =E21+I21-O21
A22: EMP-119 | B22: خالد رجب سلامة | C22: مدير مطعم وكافيه | D22: 8500 | E22: =D22*0.75 | F22: =D22*0.25 | G22: ='تقييم يومي - المطعم والخدمة'!AI4 | H22: =IF(G22>=90,1,IF(G22>=80,0.75,IF(G22>=70,0.5,0))) | I22: =F22*H22 | J22: 0 | K22: =ROUND((E22/30)*J22, 2) | L22: 0 | M22: =ROUND((E22/30)*L22, 2) | N22: 1000 | O22: =K22+M22+N22 | P22: =E22+I22-O22
A23: EMP-120 | B23: طارق صلاح الدين | C23: مشرف أغذية ومشروبات | D23: 6800 | E23: =D23*0.75 | F23: =D23*0.25 | G23: ='تقييم يومي - المطعم والخدمة'!AI5 | H23: =IF(G23>=90,1,IF(G23>=80,0.75,IF(G23>=70,0.5,0))) | I23: =F23*H23 | J23: 0 | K23: =ROUND((E23/30)*J23, 2) | L23: 0 | M23: =ROUND((E23/30)*L23, 2) | N23: 300 | O23: =K23+M23+N23 | P23: =E23+I23-O23
A24: EMP-121 | B24: إسلام يوسف أحمد | C24: ويتر كافيه رئيسي | D24: 4900 | E24: =D24*0.75 | F24: =D24*0.25 | G24: ='تقييم يومي - المطعم والخدمة'!AI6 | H24: =IF(G24>=90,1,IF(G24>=80,0.75,IF(G24>=70,0.5,0))) | I24: =F24*H24 | J24: 0 | K24: =ROUND((E24/30)*J24, 2) | L24: 0 | M24: =ROUND((E24/30)*L24, 2) | N24: 0 | O24: =K24+M24+N24 | P24: =E24+I24-O24
A25: EMP-122 | B25: مصطفى ربيع جابر | C25: ويتر كافيه | D25: 4700 | E25: =D25*0.75 | F25: =D25*0.25 | G25: ='تقييم يومي - المطعم والخدمة'!AI7 | H25: =IF(G25>=90,1,IF(G25>=80,0.75,IF(G25>=70,0.5,0))) | I25: =F25*H25 | J25: 2 | K25: =ROUND((E25/30)*J25, 2) | L25: 1 | M25: =ROUND((E25/30)*L25, 2) | N25: 200 | O25: =K25+M25+N25 | P25: =E25+I25-O25
A26: EMP-123 | B26: وليد صبري | C26: ويتر مطعم إفطار | D26: 4700 | E26: =D26*0.75 | F26: =D26*0.25 | G26: ='تقييم يومي - المطعم والخدمة'!AI8 | H26: =IF(G26>=90,1,IF(G26>=80,0.75,IF(G26>=70,0.5,0))) | I26: =F26*H26 | J26: 0 | K26: =ROUND((E26/30)*J26, 2) | L26: 0 | M26: =ROUND((E26/30)*L26, 2) | N26: 150 | O26: =K26+M26+N26 | P26: =E26+I26-O26
A27: EMP-124 | B27: كريم شعبان | C27: باريستا بائع كافيه | D27: 5000 | E27: =D27*0.75 | F27: =D27*0.25 | G27: ='تقييم يومي - المطعم والخدمة'!AI9 | H27: =IF(G27>=90,1,IF(G27>=80,0.75,IF(G27>=70,0.5,0))) | I27: =F27*H27 | J27: 0 | K27: =ROUND((E27/30)*J27, 2) | L27: 0 | M27: =ROUND((E27/30)*L27, 2) | N27: 400 | O27: =K27+M27+N27 | P27: =E27+I27-O27
A28: EMP-125 | B28: سامح فاروق | C28: مساعد ويتر تجهيز | D28: 4300 | E28: =D28*0.75 | F28: =D28*0.25 | G28: ='تقييم يومي - المطعم والخدمة'!AI10 | H28: =IF(G28>=90,1,IF(G28>=80,0.75,IF(G28>=70,0.5,0))) | I28: =F28*H28 | J28: 1 | K28: =ROUND((E28/30)*J28, 2) | L28: 0 | M28: =ROUND((E28/30)*L28, 2) | N28: 0 | O28: =K28+M28+N28 | P28: =E28+I28-O28
A29: EMP-126 | B29: أحمد بدوي | C29: عامل غسيل أطباق وتجهيز | D29: 4200 | E29: =D29*0.75 | F29: =D29*0.25 | G29: ='تقييم يومي - المطعم والخدمة'!AI11 | H29: =IF(G29>=90,1,IF(G29>=80,0.75,IF(G29>=70,0.5,0))) | I29: =F29*H29 | J29: 0 | K29: =ROUND((E29/30)*J29, 2) | L29: 0 | M29: =ROUND((E29/30)*L29, 2) | N29: 100 | O29: =K29+M29+N29 | P29: =E29+I29-O29
A30: EMP-127 | B30: المهندس تامر فؤاد | C30: مشرف صيانة الفندق | D30: 7200 | E30: =D30*0.75 | F30: =D30*0.25 | G30: ='تقييم يومي - الصيانة والخدمات'!AI4 | H30: =IF(G30>=90,1,IF(G30>=80,0.75,IF(G30>=70,0.5,0))) | I30: =F30*H30 | J30: 0 | K30: =ROUND((E30/30)*J30, 2) | L30: 0 | M30: =ROUND((E30/30)*L30, 2) | N30: 600 | O30: =K30+M30+N30 | P30: =E30+I30-O30
A31: EMP-128 | B31: جمال عبد المعطي | C31: فني كهرباء وسباكة | D31: 5200 | E31: =D31*0.75 | F31: =D31*0.25 | G31: ='تقييم يومي - الصيانة والخدمات'!AI5 | H31: =IF(G31>=90,1,IF(G31>=80,0.75,IF(G31>=70,0.5,0))) | I31: =F31*H31 | J31: 0 | K31: =ROUND((E31/30)*J31, 2) | L31: 0 | M31: =ROUND((E31/30)*L31, 2) | N31: 200 | O31: =K31+M31+N31 | P31: =E31+I31-O31
A32: EMP-129 | B32: رفعت عبد الصمد | C32: سائق ومسؤول خدمات | D32: 5000 | E32: =D32*0.75 | F32: =D32*0.25 | G32: ='تقييم يومي - الصيانة والخدمات'!AI6 | H32: =IF(G32>=90,1,IF(G32>=80,0.75,IF(G32>=70,0.5,0))) | I32: =F32*H32 | J32: 1 | K32: =ROUND((E32/30)*J32, 2) | L32: 0 | M32: =ROUND((E32/30)*L32, 2) | N32: 150 | O32: =K32+M32+N32 | P32: =E32+I32-O32
A33: EMP-130 | B33: صبحي عبد العال | C33: مسؤول أمن وحراسة | D33: 4800 | E33: =D33*0.75 | F33: =D33*0.25 | G33: ='تقييم يومي - الصيانة والخدمات'!AI7 | H33: =IF(G33>=90,1,IF(G33>=80,0.75,IF(G33>=70,0.5,0))) | I33: =F33*H33 | J33: 0 | K33: =ROUND((E33/30)*J33, 2) | L33: 0 | M33: =ROUND((E33/30)*L33, 2) | N33: 0 | O33: =K33+M33+N33 | P33: =E33+I33-O33
A34: الإجمالي الكلي | B34: 30 موظف | C34: - | D34: =SUM(D4:D33) | E34: =SUM(E4:E33) | F34: =SUM(F4:F33) | G34: =AVERAGE(G4:G33) | H34: - | I34: =SUM(I4:I33) | J34: =SUM(J4:J33) | K34: =SUM(K4:K33) | L34: =SUM(L4:L33) | M34: =SUM(M4:M33) | N34: =SUM(N4:N33) | O34: =SUM(O4:O33) | P34: =SUM(P4:P33) | Q34: -

Sheet دليل وشروط حساب المرتبات
A1: 💡 قواعد وشروط حساب أجور وحوافز الـ KPIs اليومية — فندق هينو الأهرامات
A3: معيار التقييم اليومي (5 درجات يومياً): | B3: 1. الحضور والالتزام بالميعاد (1 درجة) 2. النظافة الشخصية والمظهر (1 درجة) 3. ارتداء الزي الرسمي بالكامل Uniform (1 درجة) 4. الابتسامة واللباقة الفندقية أثناء العمل (1 درجة) 5. جودة وإتقان مهام الوظيفة الفندقية (1 درجة).
A4: طريقة حساب التقييم الشهري: | B4: يتم تجميع درجات الأيام الـ 30 (حد أقصى 150 درجة)، وتحسب النسبة المئوية % وتُرَحَّل آلياً إلى شيت المرتبات الرئيسي.
A5: معادلة هيكلة الراتب (75% / 25%): | B5: الراتب الشامل يتكون من: 75% راتب أساسي ثابت + 25% حافز تقييم أداء متغيّر (KPIs).
A6: معيار استحقاق حافز الـ KPI (من 100): | B6: • تقييم 90% إلى 100% ⬅️ صرف 100% من الحافز المتاح. • تقييم 80% إلى 89% ⬅️ صرف 75% من الحافز المتاح. • تقييم 70% إلى 79% ⬅️ صرف 50% من الحافز المتاح. • تقييم أقل من 70% ⬅️ صرف 0% من الحافز (حرمان لحين التحسين).
A7: معادلة خصم الغياب والجزاءات: | B7: خصم أجر اليوم = (الراتب الأساسي 75% ÷ 30 يوم) × عدد أيام الغياب أو الجزاءات.
